MadhavBorsadiya87@domesticfather.com,aktYDNXAReiW@,Madhav,Borsadiya,Wireddrive,22a9f45a-bf33-402b-a686-79627a346a28,8d5e931a-370c-4b72-8580-30234ed825f9,registered
ParthRudani15@domesticfather.com,QucNumiLifln@,Parth,Rudani,Linkhunt,55c92698-1b78-40a9-94c9-a8d3e34ef424,f28e4477-ec1d-4a33-8bf1-426e408c552e,registered
BachittarMadani48@domesticfather.com,AUGLhPsmiwQn@,Bachittar,Madani,Yaworld,26c296f9-ac96-43ee-933f-b99dbe04f40c,1c20af06-eb88-4178-97af-9a54e0cc25cc,registered
DalbirKhetani97@domesticfather.com,VfKnjIRZotRn@,Dalbir,Khetani,Smashcafe,b1466bc4-2e62-4423-9d9c-6ce066df32d3,ef457206-6b59-485b-8e5c-70b822eb6fdb,registered
BanjeetPaneliya110@domesticfather.com,pTtgZoNLrYel@,Banjeet,Paneliya,Fuseexim,154796cf-fcd1-444f-ae57-8db5f97715b3,1f75b616-5fa0-4088-b1e2-df4889ab5c92,registered
AbhimanyuGothadiya78@domesticfather.com,BWzSHESAfIqd@,Abhimanyu,Gothadiya,Growthdrive,2a12777d-1fba-455b-a21d-e5756bf206de,7e611b8d-7811-4f51-9a44-efd720c25b78,registered
NihalKyada88@domesticfather.com,JqrqmGZBmGmX@,Nihal,Kyada,Morehunt,e59324be-d614-42e3-9fa1-60f14a5b57ee,3f24c72d-d3bc-4cb8-8c82-d8a70838db46,registered
RehaannewRoy88@domesticfather.com,cvmyzeWKNaae@,Rehaannew,Roy,Citadelexim,e97b3487-d83b-4adb-a43b-cb6ef50329ba,4cc4d080-1482-4556-a4f7-7afaee086171,registered
DevJodhani56@domesticfather.com,VvFFeuaxmtxO@,Dev,Jodhani,Advanceworld,7b2ddf62-be5d-4474-8b25-7d14c9b19a9c,9b3ac82d-b442-40a9-a19b-c76eddf168b7,registered
KaranSatani98@domesticfather.com,GYaKUdnnuaSB@,Karan,Satani,Enterprisecafe,bce877a6-87d1-4e51-8498-b0f48ecbe1d6,1f7900fb-6652-4f31-974f-47cc76bde216,registered
FradoBodar36@domesticfather.com,uktiZUudmFAr@,Frado,Bodar,Qualifiedcafe,d21cbcd1-32fa-4e23-b762-523320a94951,06b7735f-93c9-4779-bb3e-e6d4cfa512a9,registered
TarakDhaduk70@domesticfather.com,rhhhADWfDRAI@,Tarak,Dhaduk,Operatehunt,3f74ac32-a2ad-4bd3-a80a-7363c15bf910,be25e7fe-deed-4835-8120-454a67663c86,registered
OnkarAmin43@domesticfather.com,fooqUnDzWPIj@,Onkar,Amin,Yaexim,2fa33a15-7677-411c-aaef-927c92fa5fab,644a316c-0845-493c-b7be-9f79e3ef2eda,registered
IndrajitKalsariya84@domesticfather.com,GovKPxkwaDVv@,Indrajit,Kalsariya,Mentionlink,bd34391e-3e42-49a5-b2d3-b9a090a7a9f7,3d0ab632-f40a-4c24-b775-6959379a6b2a,registered
PratyushVaghani52@domesticfather.com,BhlSLnaxfCwk@,Pratyush,Vaghani,Bounddrive,85967a87-f6af-48e7-900c-4eec436b9bd6,0f82d0c3-084b-4d8b-b71c-4999c8e8de2f,registered
LohitDesai16@domesticfather.com,jXuQnulHPryX@,Lohit,Desai,Sterhunt,3c3beef8-0336-4ef0-af13-9ed6a652e3ff,dfbacc50-7d13-4c18-ba91-f71e88ca00a3,registered
RushilGodhani25@domesticfather.com,MhvYWpHqOumr@,Rushil,Godhani,Nestdrive,5eda1340-092d-4b5f-9203-0799fa291898,5e1ce65d-931e-4552-a99d-4b5565028fd8,registered
BrijeshSakhvada99@domesticfather.com,WRaDSUMPejBj@,Brijesh,Sakhvada,Qualifiedhunt,3cfee974-dab3-4e0b-ae28-e7180ffd13fe,2a1e9355-40e5-43c1-9ad8-a35403df57af,registered
ImaranBhayani60@domesticfather.com,hZXwCqAHNwAp@,Imaran,Bhayani,Pillarcafe,79f90677-c55c-4231-a437-e38ce4775e33,10320841-1c34-4e86-b764-49ac396c4499,registered
OnveerDhorajiya109@domesticfather.com,CCfzMecgZQPf@,Onveer,Dhorajiya,Liquidexim,7354bfab-e3d1-490a-bd63-4b03fd486bd5,7cb7e07c-a3f8-4020-b46b-addedbcf3769,registered
GunbirKothiya84@domesticfather.com,pqwzApYMIrys@,Gunbir,Kothiya,Motivateworld,69525562-75c4-474d-a7c0-954375f2f085,1022c38e-8d77-4705-a70a-0cabc604341d,registered
ManthanRamoliya68@domesticfather.com,CdtBLKByBDxW@,Manthan,Ramoliya,Testedhunt,cb528aef-d055-4ec2-88f6-09551d3f396b,a19f6f60-2c8a-4251-bc37-46ed41bec1e5,registered
TarakHalai57@domesticfather.com,rDBfQAjvPYms@,Tarak,Halai,Fusecafe,32cd340e-b1ab-4446-b4e0-6162de6ecd48,2396bb46-a872-4b3c-a7df-b1a4f7929189,registered
EkalingaJagani34@domesticfather.com,IQnVCabWrRld@,Ekalinga,Jagani,Matchhunt,802a46e2-3c6f-4ab6-a4dc-1d31f358d721,1d5fe5a7-5a44-4b44-a927-a2535a76553f,registered
AnirudhJajadiya21@domesticfather.com,bFkXSeROUWpK@,Anirudh,Jajadiya,Arrowheadcafe,2b2e4e01-0719-4b55-98cd-162da63d2a80,9f364291-11ad-4cf4-9250-f1c48305ccd4,registered
RushilMovaliya48@domesticfather.com,ExEYjxBxAewt@,Rushil,Movaliya,Searchdrive,1886a987-a077-412f-9a29-932e21fd567c,4b8adc39-aeea-4bc1-a932-344bdc6242a8,registered
ZayanNakrani33@domesticfather.com,WgdJRPplxALa@,Zayan,Nakrani,Metricslink,0c1ed959-ba04-4159-8471-54059aa08740,412183bd-b4e7-410a-9a2e-18b9933d0319,registered
FitanDhaduk12@domesticfather.com,ofYPvuQZLGeF@,Fitan,Dhaduk,Eaglehunt,1c08e18e-1a64-4f57-bd57-21ef47c54cab,ddf1c8dd-95ba-4330-8eb9-88a1b6cced8c,registered
OrinderAmipara54@domesticfather.com,MxEOXRHLrDEA@,Orinder,Amipara,Enginedrive,3b23b8f0-b22a-4541-981a-82b456cf227d,b626a190-8a25-4350-8c94-b074217cf61c,registered
AnirudhPolra87@domesticfather.com,bEzqoFXrAfYj@,Anirudh,Polra,Lycafe,86437861-1ca4-4c09-ae11-01080abe97c5,188db484-b8bc-4435-8d0e-c563620ff557,registered
DevanshNadiyadhara35@domesticfather.com,dObkicmWxXPl@,Devansh,Nadiyadhara,Morelink,343cc392-6998-48e2-849e-ce62a588e8fd,b77b0e6b-f6d3-4e9f-9c3c-a24d98a3ff95,registered
ParthVagadiya56@domesticfather.com,pARpWmZsXmOT@,Parth,Vagadiya,Onusworld,e63e5ce3-d5ce-4035-98ac-1aaf693bf0a0,536e7e07-3ef3-4f5f-91f6-84a46841cc6b,registered
AbdulLimbasiya67@domesticfather.com,DjJiymyueFmD@,Abdul,Limbasiya,Enterprisecafe,5a075b5d-cb64-496c-8888-292463f70619,b0008446-bf1f-45bf-b157-b5b82e175ded,registered
BalhaarBhut83@domesticfather.com,RlrqZgjdjfDG@,Balhaar,Bhut,Motionlink,b1391aea-2a5a-45f6-b626-52392a557c0c,c015ae06-0ffb-42f7-8e32-48971c4dfb1c,registered
AadiSabalpara117@domesticfather.com,ksSTIFHZnuvs@,Aadi,Sabalpara,Globecafe,208dbb7b-d4d8-4981-a026-9be15eeb1983,4e14523a-2fa2-479f-b04a-7076ad92b32c,registered
VedantParsana115@domesticfather.com,fDXUevEybrxn@,Vedant,Parsana,Methodicalworld,38269c65-de52-4b31-b5dc-942a21d02a6a,13c153f6-0e75-4992-b179-9b7b0d72dcdb,registered
OnveerViradiya97@domesticfather.com,viKsCphgUUAo@,Onveer,Viradiya,Masseslink,a6e548d5-b552-4f9d-80ae-09516c6d2f75,41b705b4-4d50-4cd0-9e90-d154ad64642f,registered
AzadDhaduk64@domesticfather.com,wChwhKHOlwip@,Azad,Dhaduk,Valuelink,67c078fe-789e-467b-9c10-311f41a7a120,1e56ec6a-5d5e-4e4d-bda7-ca6fc688bfb3,registered
AdvikDhaduk92@domesticfather.com,kEYHmPqcnUwK@,Advik,Dhaduk,Pillarhunt,bdffbe4b-9610-41d3-942c-8858dfde8577,ca8e2ab9-3365-4ae3-96e4-6aad57da284a,registered
SamakshPaneliya55@domesticfather.com,IzBTKdySQajL@,Samaksh,Paneliya,Blueoceanworld,bc236d63-5497-4c50-b321-9e2d50f139b8,143ed908-d35a-4952-b77d-e949ec7b0853,registered
MananKothiya73@domesticfather.com,wAjSCqEMXjJW@,Manan,Kothiya,Quecafe,4807b914-28d6-4b9c-b095-58e93a5bbc26,20ec2b97-5e03-4cc8-92e8-a62aecce1a02,registered
TeerthAndani71@domesticfather.com,NOcegtzwsJkS@,Teerth,Andani,Zoiddrive,11bb97f1-d01b-4e21-8c5c-cd05782d8175,5bf34850-9a5f-46c8-aba8-2171a6bb6279,registered
DaksheshSanghani18@domesticfather.com,MAgRDUtlqVFV@,Dakshesh,Sanghani,Domaindrive,3abb74da-6e27-4d6a-a1ba-ab337643cbf4,476d5a0b-c8ed-4061-b15b-5321caea99a1,registered
KrishDhankecha62@domesticfather.com,LDVsiaqXFDRX@,Krish,Dhankecha,Liquidexim,eb37cff8-22d2-4b2e-a271-d67cc119c8be,3cb342f7-d781-4102-a7ac-bb2991493780,registered
AkshaySuvagiya65@domesticfather.com,PxRRWUaJjjid@,Akshay,Suvagiya,Executivedrive,79b84dac-86c5-49ea-8cb7-9155e1517120,48d972ee-5d7a-41e8-b61c-c155c0914eda,registered
BalvanBhesaniya47@domesticfather.com,KAzExJfDOgBF@,Balvan,Bhesaniya,Signaldrive,b8ffeb77-b349-43fb-a130-a11bc5106a8c,d850a903-c16f-49bf-ae97-79f125aead48,registered
BaljiwanBorsadiya97@domesticfather.com,weoDpkzVpApw@,Baljiwan,Borsadiya,Eaglehunt,966e4499-32e2-49db-bf88-3f4add7b1e45,29d5350d-7acc-424c-9da0-70cca6a72545,registered
GaurangKorat72@domesticfather.com,cHegCwYaVusj@,Gaurang,Korat,Planexim,4bd74279-d1aa-41f7-ab1f-93fc340aa93d,fd7eb057-017e-4d3e-9682-fcc163b8e129,registered
GaurangVanpariya70@domesticfather.com,AsNQMjQrUBOu@,Gaurang,Vanpariya,Blueoceancafe,863b84ac-0652-4369-9d7d-72e4ccd6afc0,0a090ae7-b54c-4024-b949-076b0ca322d6,registered
KabirSutariya73@domesticfather.com,BNBiwzAldOxF@,Kabir,Sutariya,Spreadworld,94470002-13ec-4b7d-b27d-d543d90b6b63,5c2e1d58-5949-40a5-88d3-b19acd638807,registered
UdarshSarkheliya77@domesticfather.com,gEXvcPdTrasj@,Udarsh,Sarkheliya,Chasecafe,8a1ccf84-5929-4603-9d3f-23bec98b82a2,a6125e67-536b-435f-b0de-34f77b5595b5,registered
WriddhishSuvagiya78@domesticfather.com,QeHvuJknWjkT@,Wriddhish,Suvagiya,Performancelink,6bb52edf-5b90-486c-ae4c-6fc672c60bb5,90873962-f92d-480e-b6ed-354ebb9b4164,registered
JeetSarkheliya26@domesticfather.com,kRfHJqZkYsfV@,Jeet,Sarkheliya,Syndicatehunt,17dbf841-1fbb-49a5-8151-4e908d9e2fd5,f480fff4-7e02-48f2-aa76-1fdf5ae8e4b6,registered
ChandranSakhreliya42@domesticfather.com,CuXnJHLBsLKt@,Chandran,Sakhreliya,Intellectdrive,eee13eee-9947-4495-8b20-673b15de9ac1,7ac3097a-6a2a-4628-8d8b-b6bfdaf3033b,registered
DarpanBhudiya41@domesticfather.com,bKcyDssNKnUD@,Darpan,Bhudiya,Segmentworld,a21c5201-c810-49e4-a8b7-f29681fb3ec1,230beed9-6357-4b84-a1f9-e45ba8d7a4b5,registered
RehaannewBabariya80@domesticfather.com,nWqXMcoHyzho@,Rehaannew,Babariya,Gonzodrive,6cf6d84c-edd2-4056-ad8a-5091c8ce16c9,86aa48a8-e236-446a-befa-cbdff3f05d10,registered
ReyanshThumar77@domesticfather.com,EtNtTXnawviS@,Reyansh,Thumar,Linkhunt,e8eee8d7-49fa-4ca2-a98a-e05ece5e4682,8c2eee14-6f14-4551-80fc-785b521fd477,registered
RanbirPoshiya40@domesticfather.com,LswFDAuQhFaE@,Ranbir,Poshiya,Globecafe,93dae1e1-a88f-404e-be90-d75d19319507,163cfa71-e518-4a4a-8968-9d3ffa5fc222,registered
HiteshKikani105@domesticfather.com,WHcEoSEFiXID@,Hitesh,Kikani,Qualifiedcafe,38d17c99-79b9-48ba-9eb9-b8b178fbdd0a,10a589b2-bb78-4462-ba61-2a9059237762,registered
ViaannewDomadiya84@domesticfather.com,sxtNusgfziMG@,Viaannew,Domadiya,Quelink,cbfb32f5-851a-4ffa-90a9-e619b41772ee,8423bb21-bf99-49af-b2f8-5e2b9b5e9839,registered
MananRajani5@domesticfather.com,NfWjYniDvAAE@,Manan,Rajani,Bastionlink,0ae8503c-931c-47a6-ab73-30a2ad20527b,c60b2b83-bafe-4f8d-a385-48216073cade,registered
RehaannewSarkheliya84@domesticfather.com,JaOaOVqIngor@,Rehaannew,Sarkheliya,Nestdrive,2a5276c1-c553-4204-9e11-d871f62d78e6,bd83aca5-5253-404a-a1f0-d3ca55a1743f,registered
ReyanshDangariya30@domesticfather.com,nMhSDOpRFjAX@,Reyansh,Dangariya,Iolink,4a5f3e7f-bf36-4001-b3b1-1afcb96f57da,5228c5f2-f52c-4b6a-983e-9fb36d1b7bca,registered
YugHapani1@domesticfather.com,yfunfHjdRinT@,Yug,Hapani,Socialexim,7bac04a4-58db-4650-8481-559c5015e93d,993ac9c0-ab20-4a25-85cd-1514bbbd04cc,registered
AbeerDobariya11@domesticfather.com,mMIEDvZShftt@,Abeer,Dobariya,Dashworld,a59a28e7-3410-485c-a543-77960530ce04,ad72e175-a75b-4502-bd90-668c98625fe1,registered
YashMoradiya74@domesticfather.com,RsWYUDkwRnXs@,Yash,Moradiya,Tasticlink,6154f6b6-30ea-4e48-b1bb-0693e38f799e,cab4cdf8-bf76-4759-9992-8559f3777e38,registered
ChandranMungalpara77@domesticfather.com,SHjJPfBsdGcM@,Chandran,Mungalpara,Pursueexim,6a6f5d79-d33d-410b-9d79-22378866da37,01aec1da-c419-4917-9923-62ca5507770e,registered
HardikDhankecha74@domesticfather.com,duQpfsFCkhNy@,Hardik,Dhankecha,Exworld,d7422013-b32e-4a51-9fb6-0b8aa29a4873,82d9c1e5-e0fb-42c2-a532-fb9ddedc2dee,registered
RayaanDevani80@domesticfather.com,TiigzYvpSilV@,Rayaan,Devani,Neticworld,01e4cf01-c405-4a1f-bca6-c7e1f4ae30ee,90d82f9e-022e-4898-a408-a5b80bac58ff,registered
NakshDhanani99@domesticfather.com,xJlyXgtNBrCR@,Naksh,Dhanani,Methodicallink,24047f0c-b5b0-41ab-85a7-053363faa891,532577c3-8038-4713-bd2e-9bd4a4d5d53f,registered
DalbirPandadiya27@domesticfather.com,QecYlzDOeNrR@,Dalbir,Pandadiya,Forwardlink,4429101e-22d7-4e56-82f8-7349d0f82260,e458b59b-a6f5-4b15-853a-24896010bd4d,registered
SameshKhetani1@domesticfather.com,ertpXQwzewPp@,Samesh,Khetani,Decidedrive,91405c87-1968-46bb-bb56-be61bd1332d6,e9697923-4c5e-4e0f-bff1-4151c95fa4d6,registered
DakshRakholiya82@domesticfather.com,itjiFrpfVgeX@,Daksh,Rakholiya,Simplehunt,27be9217-ce2d-423e-b380-6ca6b651f24f,6fa681c3-32c5-4871-a444-231a351ac528,registered
CharanHirani59@domesticfather.com,lEEOYfVtZPff@,Charan,Hirani,Arrangecafe,30a24bb3-144d-4586-a8bf-8a92a89e9d17,203d1aec-4473-4fdd-b70c-dd4eebcadbd1,registered
VirajPatodiya57@domesticfather.com,kTrLUBwLWGYA@,Viraj,Patodiya,Instahunt,522f2aba-449b-40de-ba01-e43e11b28d18,407fc30d-bf95-4d60-84ab-ee44ba7a000d,registered
HiteshLila4@domesticfather.com,FpYnxwhzduyj@,Hitesh,Lila,Supportworld,37b3871c-38a6-4b66-aee4-ee6fb0f3dfd9,5432edfd-e953-4f9f-b2bc-853fd6d79a82,registered
ReyanshKatba106@domesticfather.com,tUpenQRxvLap@,Reyansh,Katba,Activatorcafe,cb52a1fd-53c2-4959-b868-e179d50c127a,71e1be93-e8f5-4bbf-8786-04f77e473ad1,registered
AyushmanTanti6@domesticfather.com,ORGvWkOTMazO@,Ayushman,Tanti,Advanceexim,53bdec2d-711a-497f-bf7e-9b512b7f02fd,5da2b42a-f02b-42f6-ae8c-30ba863b765f,registered
AviSakhiya67@domesticfather.com,mtXpXuEUumqx@,Avi,Sakhiya,Huntexim,6a316fcb-1937-413b-bad0-b804cabcbb8a,943e8f23-26f0-446c-a019-87d9957e0745,registered
LakshayVachhani104@domesticfather.com,sXBuPhHmkdsi@,Lakshay,Vachhani,Vertexworld,599b62b4-6a9d-4962-9a47-dfb4a9d48a3a,470b47f9-b262-4c17-bb6b-97cb6dec2960,registered
AdvaithBhingradiya14@domesticfather.com,wWRXWvriBFjq@,Advaith,Bhingradiya,Chasedrive,d305d4d7-731b-42e8-8536-6fdc1d5ac7ba,4490461f-41d0-436f-8f39-30805f776125,registered
RanveerDudhatra112@domesticfather.com,nZtZiPnULtRw@,Ranveer,Dudhatra,Scapeexim,404bf883-6d51-41ad-9e3c-4ec83f39b1d0,aedfde4b-4413-42d9-b2c8-3e07fcfb065e,registered
AyaanAjudia3@domesticfather.com,zALVEdeYiZHt@,Ayaan,Ajudia,Completeexim,a75479d5-6071-4e81-b7a3-48a95a3f3c3f,15a963e8-1106-414b-8f5b-a844ee683fe1,registered
EkarajDholakiya0@domesticfather.com,biqFXaCJmdvH@,Ekaraj,Dholakiya,Spreadexim,0b43c2d7-2ef6-46c4-9e6c-19febc81d277,dfe37e9c-d577-46e4-ac12-283c4038499e,registered
ChatreshSardhara87@domesticfather.com,zANVbkUawICW@,Chatresh,Sardhara,Strivehunt,708d8012-7483-4bbc-8566-e4916987bb63,478f3db2-29a1-4984-bd9e-e3ade18c6fb7,registered
QabilLukhi21@domesticfather.com,KjRylbbriXNg@,Qabil,Lukhi,Planlink,a26deb0b-f3af-4f9b-867d-7d5786335072,59adb8ba-129b-4e3e-9b47-86747f83d637,registered
SameshMathukiya43@domesticfather.com,lijrSKYZSvwr@,Samesh,Mathukiya,Motivatelink,d7d60c43-17f5-4961-b819-c3bce8882c2a,34927e5a-8d32-4268-9574-3b6b0200cc02,registered
JairajRokad116@domesticfather.com,MfvECysvahcZ@,Jairaj,Rokad,Smashworld,bb5fa11a-6286-42fd-83ae-83ba01b51c57,ea64d730-c5f3-47de-8c7b-5630d53f8f3b,registered
LuckyRangani97@domesticfather.com,kmsdzfKuzBDa@,Lucky,Rangani,Checklink,b89838d8-27d2-426e-8164-b6142491de94,e313bf3e-6ae1-4b91-b79d-865e62acdfa5,registered
ChatreshAtkotiya77@domesticfather.com,WRAaCaOMxzHH@,Chatresh,Atkotiya,Valueworld,c829ee26-d29e-41c9-bbdb-210917ec50a0,8a945949-5d58-4965-b4d1-7906503e7450,registered
DakshSaspara18@domesticfather.com,xsKvaIznVSbD@,Daksh,Saspara,Masseshunt,1fa1ab2a-0617-416c-bdb3-c7bcd781665d,0bfadd33-e118-4630-a07e-225d73578d23,registered
YashSutariya121@domesticfather.com,qxZvmkRvhcnh@,Yash,Sutariya,Agitatorcafe,f75f5fa3-35d7-4188-ad05-43a0d95a440e,36b0af87-e746-4d29-be66-281ab1fa6e8c,registered
ReyanshGodhani114@domesticfather.com,cCuwpLNAZPMd@,Reyansh,Godhani,Pitchhunt,790cab59-f338-4c3f-a807-e01a610e31f1,f3d8a095-4149-44f0-8495-e4e69799a47a,registered
PratyushSatani106@domesticfather.com,chQoKDeqsKvT@,Pratyush,Satani,Tagexim,2c16b120-80fc-407c-b957-f3bd44853945,0b506915-2591-490f-b26e-c0fef82bc66d,registered
GauravDhankecha75@domesticfather.com,vDUAKrjvzvEI@,Gaurav,Dhankecha,Metricsdrive,0aaa5cf6-abe3-4ebb-b3db-c8c79b83bd17,da5c6dd9-a229-4d42-8bd7-53ab8009be71,registered
AayushMangroliya70@domesticfather.com,GpBeLdNefnXU@,Aayush,Mangroliya,Vertexdrive,08384fe4-d90b-4e16-93a0-e29e662d2f7e,3f7897d0-71aa-4009-a087-26418ced80b7,registered
NakulPandadiya40@domesticfather.com,EJGMRTulqzvy@,Nakul,Pandadiya,Enterpriseworld,300d6aef-9727-42ad-acd1-452d9bd2a1e4,168ec990-c86f-4048-ae7a-16f9ab4206dd,registered
WarjasKapadiya112@domesticfather.com,VKOvUZVfKFZD@,Warjas,Kapadiya,Simpleworld,59f2bfb7-90f4-4337-b994-ed0c6e3a290d,cbebd16c-0a3c-4181-86a1-862270633335,registered
OrinderKapupara95@domesticfather.com,fKmQpWpKLdPo@,Orinder,Kapupara,Quehunt,03f7f424-9608-4508-9961-30b370c93707,e3cbcc6f-d00e-4c76-a0d0-62eb99d11c88,registered
RayaanDobariya83@domesticfather.com,tMOuCVhhbXTE@,Rayaan,Dobariya,Bastionworld,35ab1381-4837-466d-a6f3-8a5fa586de37,e9e007b6-2944-4cc4-926a-358b15f40004,registered
WriddhishVagadiya96@domesticfather.com,CykoFKyZdvTR@,Wriddhish,Vagadiya,Arrangehunt,a65383fd-f1e9-44a1-a251-5bb1ffe9d56e,6cc94469-5621-4af7-b961-4f8060cd341d,registered
NachiketSavaliya27@domesticfather.com,zfNDqWvuTRcT@,Nachiket,Savaliya,Blueoceanlink,a5ccb0ac-04a6-4379-b786-df758245aa29,37ac258c-3e6e-430b-92da-b8a326491398,registered
FarajHapaliya4@domesticfather.com,kcbSCNqeXxVy@,Faraj,Hapaliya,Enginecafe,9e10e914-5e13-4bbf-8ab7-efa46d9a8d47,81550d72-3542-4c30-a491-c120137b318e,registered
NaveenGhelani5@domesticfather.com,HLbcIwkVXJEx@,Naveen,Ghelani,Directcafe,177e9e35-b61a-4dac-8649-1c1c5e6011ba,6b67129e-865c-4832-ac50-6b8e6d676641,registered
SathviknewAjani42@domesticfather.com,NHeofYqBNlnD@,Sathviknew,Ajani,Pushcafe,5ebf2a62-fd06-4aa1-8a21-d3592ded9a36,70581659-50fa-422a-b854-f0fd17d13e73,registered
ViaannewGinoya0@domesticfather.com,hejIvgIIapgo@,Viaannew,Ginoya,Arrowheaddrive,05f841ca-2b81-4ea4-82b6-085d680ee01f,88ffa472-4dc3-44f3-9b45-d2525eec9499,registered
ArjunJetani51@domesticfather.com,WNrUBFweyxCA@,Arjun,Jetani,Chaselink,4417751b-c0a4-45fd-9e8f-752b7db4470d,47cf5171-ac8e-4999-b874-97f2352a5539,registered
KabirVanpariya77@domesticfather.com,hIEbJNXVTqcC@,Kabir,Vanpariya,Sustaineddrive,e1274fb2-2bf4-4133-b77a-fbd2d93f6b23,e569b2c6-2e78-42bd-a16a-19ba79331ef8,registered
TanishBabariya30@domesticfather.com,yaQUawwfbVFt@,Tanish,Babariya,Quelink,bc9ff5c3-3252-4b4f-9e0a-1197ad5735dd,2483b0a3-d9c0-4c65-badb-b8f72e670408,registered
WrideshVadodariya121@domesticfather.com,EiJrnuZwKFBG@,Wridesh,Vadodariya,Optimizeworld,207c586d-50b5-4821-a920-d0cb34da795a,af3464a4-40f4-483a-8561-330aad9d7de3,registered
ShivanshRudani117@domesticfather.com,UBfebgWxmnxw@,Shivansh,Rudani,Blueoceancafe,c698f878-a1c3-4218-8cb4-52d36a6ead5d,62a7adac-d6d6-4c3d-9eff-49220e2f1302,registered
GautamDhorajiya55@domesticfather.com,OfphRcbCfaEI@,Gautam,Dhorajiya,Executivehunt,126453dc-7f2c-475a-a1e6-eb78ad38a495,1e5b10ad-30d3-4b56-afe2-a202b6ecb1d8,registered
YugChohaliya20@domesticfather.com,fiMmQdhMvNLq@,Yug,Chohaliya,Managedcafe,d80ba4ee-ba56-459a-9287-4f22fb9b5878,6b74b10c-36c7-465f-b5e8-93ed21c73e4e,registered
FariqMangroliya41@domesticfather.com,liHsvFUhxZyq@,Fariq,Mangroliya,Liquidcafe,8e3aa845-4f56-4faa-a1e6-995991c86523,d92f7775-8bee-4199-bb26-931699c47da7,registered
LohitLila95@domesticfather.com,sjKPJuFGEtiU@,Lohit,Lila,Visionworld,d5e7ab92-4a6b-4408-b920-5f7bebde2d1d,f8dc0e6b-dd51-4613-b2da-b4449ceab5e4,registered
GunbirSutariya100@domesticfather.com,lcHtYLtTKVGQ@,Gunbir,Sutariya,Growthdrive,2d22aee6-e70d-4688-943e-bcf4acb8b58a,10cfeacf-50ea-4e6f-9365-6d2c11b68a8b,registered
FiyazBambharoliya93@domesticfather.com,kaNWyFkbgdAi@,Fiyaz,Bambharoliya,Pushhunt,85cc2738-63da-4351-b764-18d822be4054,893871d5-f5ba-4912-9fb0-847a5bbe6f68,registered
VirajKapadiya56@domesticfather.com,eURzvCjRFnpB@,Viraj,Kapadiya,Edgeworld,bebd526b-8461-469c-883e-5a70374651a7,408bccb1-1775-4341-9897-6e5bc11243eb,registered
ChatreshGadhiya23@domesticfather.com,LCRUNSdFeGJg@,Chatresh,Gadhiya,Spirehunt,71f5d070-c318-463a-9b24-ecb8ccfd5fc3,37dad373-2b2d-4136-b2a5-9d4acbbdc885,registered
ChandranThumbar59@domesticfather.com,guFqjMDebRyt@,Chandran,Thumbar,Socialcafe,6e8dc9b3-ae7a-426d-920c-052bc69f08bc,ff20b80d-14c7-40ec-9bb0-e8d6e71c5f29,registered
DhruvKotadiya80@domesticfather.com,vCyfbRdgNwvU@,Dhruv,Kotadiya,Adoworld,f45501c4-6fc5-45a0-baeb-2b2d745b33a9,1aa071f2-1d9c-468c-8337-8eeee94ef88d,registered
RohanKhichadiya120@domesticfather.com,jSSkSJFxXAfI@,Rohan,Khichadiya,Nexim,c586c39e-bd30-4a65-821c-a00a38c45417,32df201d-37be-449f-a31f-5183047ba665,registered
MananThumar50@domesticfather.com,PTtufErZHbgJ@,Manan,Thumar,Deckexim,34c3eaca-581c-4d08-9014-07f003ce5041,53347095-1e16-404b-9fc0-0604644138f0,registered
JainewBabariya62@domesticfather.com,sUAFhIrtLUze@,Jainew,Babariya,Arccafe,23906463-d1bf-4401-9289-4756be69c60f,97cc7b42-d2e5-4e1b-858e-3e6342829f17,registered
KaranDhankecha118@domesticfather.com,GDKkfMBaAwog@,Karan,Dhankecha,Archunt,bb1d4fee-a0bd-4404-9d33-cdd407f4befe,3300ece9-6ca8-44f3-a401-10d024ee292e,registered
ManthanZadafiya23@domesticfather.com,xrpnXXKvpiRv@,Manthan,Zadafiya,Strategiccafe,1030a9fc-e4c2-43da-ab0f-2c2451f52afe,058fee3f-152b-49a4-b960-8453014f3f79,registered
OjasPaghdar8@domesticfather.com,kedECRwRkFOj@,Ojas,Paghdar,Linkhunt,5411f85c-f97d-4905-9d6f-a70d7fbb581d,cf6066e5-a1d3-4133-a160-80efb7e14c63,registered
VihaanMayani115@domesticfather.com,bDfPUQNmriGV@,Vihaan,Mayani,Adilworld,314b576b-85c4-4d37-8eb0-a67b6bf57560,ff920a52-34a4-4cb3-8530-6bed1d518422,registered
GunbirKhatra93@domesticfather.com,BwBovXvnLmBn@,Gunbir,Khatra,Analyticscafe,631a3971-09e7-40bf-994b-3186842d8948,6db86bc8-374e-4281-9850-6b97feeabf6a,registered
LakshitFaldu30@domesticfather.com,rPisXsmLJACD@,Lakshit,Faldu,Interactivelink,c8219fdb-62ad-4b49-881c-5dec3e7026a4,0c9a1f10-700e-42bd-8151-3f39a15b8cef,registered
NakulUsadadiya81@domesticfather.com,acMkNPfhnKhI@,Nakul,Usadadiya,Relevanthunt,a11a6d49-e8d1-43e4-9f43-4ac8c39bbc57,8460a519-ad21-4e14-9622-2bbf256c79db,registered
JainewKapadiya53@domesticfather.com,WOyvStWFDuJT@,Jainew,Kapadiya,Paramounthunt,93345751-ed75-4c27-b023-21d0f3c2e555,d808ecb8-6eb3-449b-bbd7-3187ed015c07,registered
AtharvSutariya56@domesticfather.com,dVUvgDWBndtr@,Atharv,Sutariya,Fuseworld,a3ed24bf-75cf-415a-bf31-9a7a4431ccfb,b2d4baff-2a2a-4de7-a395-d14e26d94195,registered
SamarRokad79@domesticfather.com,tfFkcglkgXxo@,Samar,Rokad,Loopworld,3b881783-1859-4c7e-a8ed-f796a7a90f58,27e8cb24-9930-4f72-8324-185795e05f55,registered
VirajMandanka79@domesticfather.com,NTBgvwzGcrVw@,Viraj,Mandanka,Instadrive,af1ba5fe-3fef-4e01-9bbb-3861c6204efa,06022cb3-dee1-4b6c-a41f-a884b982c382,registered
ShivanshPokar37@domesticfather.com,QagjQuGMNIVn@,Shivansh,Pokar,Verseexim,182911bf-c5dd-4bc2-9cec-458b40102914,1bcc3377-5bb0-47fa-82f2-41d1dc457232,registered
VirajKodinariya111@domesticfather.com,KXIcLeYualWk@,Viraj,Kodinariya,Visionhunt,f4998c13-9865-4c68-9a4a-fea7ed179e33,de2b218d-9769-4fd9-a7f6-45dc356e66e2,registered
HarshKothari97@domesticfather.com,yVsyAGprqLWh@,Harsh,Kothari,Segmentcafe,d7dfddd5-3539-4f53-b3bb-3801b6fbc46f,70204cf7-1fac-4a03-972c-ac1ae35c0fc3,registered
DalbirVirani55@domesticfather.com,fnFNBpYJzyTf@,Dalbir,Virani,Planhunt,1ecfc609-2f63-4f3d-8ee2-4e1b81900194,a3bce8a2-0e1f-4a16-b242-2442cf048a91,registered
RayaanManiya114@domesticfather.com,OscAxfHFRimF@,Rayaan,Maniya,Oozehunt,781033d6-a170-4546-91d2-399ac4dec265,20c94d7f-6434-4e66-9ce2-7a39dfbb6985,registered
GirikKhatra38@domesticfather.com,gmxiAhpIjPTe@,Girik,Khatra,Strategicworld,762999ec-9746-4317-bc3b-42e6e8d47204,3c769741-8af1-469a-b2f8-eea8a35e0d93,registered
ZayanPansuriya47@domesticfather.com,wzVRvVRJZdJf@,Zayan,Pansuriya,Headwaydrive,5643919a-aa30-4cb1-8e65-3645a81ee132,edb0630a-de2f-4440-8e97-9ae52b57bb91,registered
AbhiramnewKachhi18@domesticfather.com,KCchPnxVSnss@,Abhiramnew,Kachhi,Bastionhunt,bc941526-a6a2-4556-ac47-f247ef16e568,44aaa282-b976-4695-89fd-57a32e28398a,registered
HardikBhadani15@domesticfather.com,wxgOlTwSzPxB@,Hardik,Bhadani,Dashhunt,18b31db4-b732-4c46-ba41-1c6d0e0f0268,b76cb5ce-9aae-4810-b9c0-ead5b54464de,registered
RonithUsadad26@domesticfather.com,GcLApXzErfVl@,Ronith,Usadad,Dynamicdrive,3b5ecade-a15e-4cfb-8548-1581afa73e59,decb0082-87a5-49af-933e-7e3f4975f9b8,registered
NihalUsadad72@domesticfather.com,XxWzSkrJZOsF@,Nihal,Usadad,Checkcafe,a4c164e2-f39f-470e-b0b5-2e145bd27fa5,f20a6f74-4c88-4094-9c38-5811f5743589,registered
BrijeshKarad70@domesticfather.com,lRZmAgQgivvJ@,Brijesh,Karad,Instacafe,c078eedb-91d8-4575-af50-77edc0097c38,66cde73d-e20f-47d8-b363-ebb06ec6d015,registered
FariqSavakiya50@domesticfather.com,CbAVDCUGIokR@,Fariq,Savakiya,Trafficlink,60ddfaf3-481e-4dc7-b020-26aaa8044cb4,544a9875-96f4-442a-bd9c-df47bb5b75f9,registered
OmKathiriya43@domesticfather.com,pvfYWbZSsnlp@,Om,Kathiriya,Deckdrive,c09a9586-c656-47fa-84ff-616855e6fa11,cd155974-0f02-4062-997f-feba17a6c3ef,registered
RanbirGondaliya103@domesticfather.com,FAblrcRnlzOk@,Ranbir,Gondaliya,Yalink,020181ba-1a72-4379-ae26-962229fcfab4,dde1c500-0d38-4d4d-ab23-14e8da0cdc39,registered
ZaidBarasiya110@domesticfather.com,gxsDEBySyonR@,Zaid,Barasiya,Completecafe,cfeeeec6-3c87-4668-9653-4bc332a7c5ff,811f9de9-f553-430f-9f5e-ab274f89830d,registered
GirindraSaspara80@domesticfather.com,aEhchFUjmKUK@,Girindra,Saspara,Prismcafe,9b03e291-8d5d-4d70-9ffc-ec595f446783,0ebebabd-225a-4e02-b666-fe7a001ff7db,registered
YatinMendpara37@domesticfather.com,mGFaveoHZQRC@,Yatin,Mendpara,Pursuehunt,c1d2b882-efb2-4fb3-bb3e-d5e798941932,b6b5fb49-6f64-4f84-b063-72afa885b1f5,registered
GirikVachhani50@domesticfather.com,UzWfBREBQDxb@,Girik,Vachhani,Enterprisedrive,14404dd9-f60c-4245-b5c0-7edeb43f44dc,6e969449-35ce-449b-9ea9-150de45929f4,registered
BaljiwanPanchani58@domesticfather.com,JpQszANbuaXC@,Baljiwan,Panchani,Driveworld,51fd6a39-3dfa-4c3c-947d-fa76f277eb73,5334a7e9-9eb2-4340-bec5-efb50bed4c74,registered
KalpitNadiyadhara78@domesticfather.com,gSpvwsCljixP@,Kalpit,Nadiyadhara,Elladrive,c3c724c9-bc2c-40f8-b6e3-942d4cfc4220,27f16ca0-4342-474c-9973-df0f8d664368,registered
OrinderSojitra55@domesticfather.com,YABpJefyrdyL@,Orinder,Sojitra,Growcafe,8d9f8a74-697b-4bc6-97e2-ae61eb98bea5,fa8c5e43-178c-4a4a-9d67-56df8d320853,registered
LakshayPirojiya21@domesticfather.com,ZtfOtMULyJDY@,Lakshay,Pirojiya,Authoritycafe,4581c0f8-0399-4524-a276-d75eeaae226b,aaad9a2d-44ee-4a4f-938a-667dd4f24704,registered
JatinBarejiya19@domesticfather.com,tnPNlNSFgUXt@,Jatin,Barejiya,Operatelink,e293345f-7c25-4133-840b-99522384e590,c60bef9b-0526-444d-a872-1dade1fc23b7,registered
KrishnaLimbasiya40@domesticfather.com,VxvrCYWdYvBT@,Krishna,Limbasiya,Motioncafe,c706051e-f5ad-4fc4-ace6-be35c370c964,d63d93a6-0498-4261-97b6-10eba6cb4a02,registered
RanveerVasani23@domesticfather.com,gPqFcrWrqvFA@,Ranveer,Vasani,Planhunt,a81d5b42-b248-4202-8362-ed2a8c554bd2,03c050dd-bcfd-4de9-944d-b534bd5345a9,registered
WriddhishPansuriya83@domesticfather.com,hbWUYKvtWmaV@,Wriddhish,Pansuriya,Visionworld,07f519c5-3212-4aec-b7a9-53d21ffe0134,3a0cb354-54be-48ec-a2e8-fcff6d71edfd,registered
GopalKachhi107@domesticfather.com,URzLOlrzuxsO@,Gopal,Kachhi,Postworld,f8b82f4f-5218-4e6d-bff4-c0bba62e018f,311bff3d-9d44-483e-90ee-e3e5bf7c4f14,registered
IshwarGodhani82@domesticfather.com,CKNKMzWjiJGr@,Ishwar,Godhani,Intelworld,292556a6-a569-41a3-ae56-dad6180f586e,e8477840-337f-44ef-a5e1-9e88af8624dd,registered
ReyanshBambharoliya120@domesticfather.com,BDXGvGKOYtLr@,Reyansh,Bambharoliya,Domainworld,91af7f62-49d0-4e18-bf62-c2db746c2f11,ae9f56a8-e8d2-4dc1-8c6a-70bdb94c45d5,registered
MadhavDamasiya49@domesticfather.com,VXzJMPWlxBsh@,Madhav,Damasiya,Matchexim,b1f86ce6-a54b-4287-9ef3-dc7c1900ae77,27ae8ba6-cab6-4ec0-9dda-d3cf4a939bf4,registered
OmBabariya91@domesticfather.com,ePdwuJIfszFj@,Om,Babariya,Pursuelink,f67a984b-5baf-493d-8f3b-6d9d4d69a025,5b2491dd-2551-4387-9008-6cd5af8c00d5,registered
MaanavRoy49@domesticfather.com,GCPKeOQaMsmJ@,Maanav,Roy,Adildrive,cf981270-473b-4dda-995f-99867b99dd22,64b193ba-46a5-45e4-af24-2f2867d37015,registered
TanishPonkiya77@domesticfather.com,ffwrdxszUkVv@,Tanish,Ponkiya,Engineexim,cdcac6a0-db94-47f1-a4c5-9ead4b7afb55,1d76c742-769e-441b-8205-03b357256a8f,registered
AgastyaSojitra88@domesticfather.com,beMTroSiLSCt@,Agastya,Sojitra,Motivatelink,7e618ad1-e41e-4985-8a3c-265166f51904,19ae4841-5184-4b9c-ad5e-578e4c9f4fae,registered
ZehaanSakhvada112@domesticfather.com,naFtzDLpuQWa@,Zehaan,Sakhvada,Bescafe,6f3dc6e8-5291-470e-bab5-f1a1188eefc8,504932a0-9463-469e-b714-8981f09bcb6f,registered
SaiNasit27@domesticfather.com,JRTsUeHmQmpv@,Sai,Nasit,Verseexim,a58409f6-d2a4-49ea-b07b-c5530841d45c,a818bb2e-23ce-4dc3-9f7b-7e9f72e30a88,registered
FiyazHalai95@domesticfather.com,yPntiTYEhlUd@,Fiyaz,Halai,Prooflink,7240a9c9-8181-4198-b0b6-a34fb150bccd,e3d933b6-54be-4aef-979c-d8ab5278fa07,registered
BahadurjitManiya119@domesticfather.com,QTaLCbcVlfFT@,Bahadurjit,Maniya,Globedrive,98d491b7-5577-453e-b9c6-f5f03eb33414,8c48175d-2da3-4186-a61e-65caf9776f90,registered
DevanshSiroya88@domesticfather.com,jlGBIqblRNLU@,Devansh,Siroya,Oozecafe,011d4882-5691-42f5-b375-b2eb679eac09,e7e18c99-055f-4dfd-94f6-4058ff081a27,registered
MaanasBaldha87@domesticfather.com,cnXwZjTSpZJz@,Maanas,Baldha,Intellecthunt,80981527-0425-4625-b646-00d9378c6e89,57c981ed-2035-452f-953f-204d274e9afb,registered
NihalKasvala83@domesticfather.com,IpHVYINbgqxx@,Nihal,Kasvala,Relevantworld,8291aa21-932d-4d41-b0fa-92816874520c,7e0a101a-200a-4091-acb7-94cbee7eb62d,registered
HredhaanAjani38@domesticfather.com,foIdcuNxDnEM@,Hredhaan,Ajani,Deckhunt,61b4be94-3a74-41c4-8f1b-7c2cb9608dcb,f6eef0aa-4633-4308-9d74-ea15073a0649,registered
SamarShyani77@domesticfather.com,afNwvSubJMmS@,Samar,Shyani,Activatorcafe,23006542-784e-48f5-8a17-c58ad1aa39b1,b7f91468-07f4-468b-887c-01cb743e5b5c,registered
FarajThumar34@domesticfather.com,kqvVhoMENgRR@,Faraj,Thumar,Huntworld,b4d2be9e-81ce-4c41-a8d1-c781ab0b8dbd,517cfc1b-8970-4bd2-9521-21a8ec5eef85,registered
AdityaSakhiya92@domesticfather.com,nDJJHWmslkef@,Aditya,Sakhiya,Ellahunt,6b310712-4af6-490a-9585-c2959e95a54f,42b21810-66a5-4671-939e-3d545647b8b0,registered
FarhanRakholiya116@domesticfather.com,EtIILufjKJoz@,Farhan,Rakholiya,Valueexim,fb9defe3-5a6c-4d08-bfd5-38a309311a22,e72144df-9ea0-4f0e-ab04-c7f4bfec8259,registered
NachiketParakhiya80@domesticfather.com,LDFwtCklhWlE@,Nachiket,Parakhiya,Nestexim,b713dea5-d12a-415d-96d0-faed1c744724,8cb71f58-93aa-4576-9a07-26c24105a56e,registered
ChandreshPadmani25@domesticfather.com,ZgzGDRkwLDVn@,Chandresh,Padmani,Suitehunt,c0af9d6d-497c-4cd1-8945-1fe9c3abf9be,1137b392-9b8f-45df-bf59-4d775aac4997,registered
BaljiwanKapupara92@domesticfather.com,WXmmyRdiMMkH@,Baljiwan,Kapupara,Cornerstonedrive,e8e98102-5cc4-4f72-b776-a4bbe441185e,53b77e74-4b91-4f8f-9763-7b6a47633f10,registered
FarasVanpariya7@domesticfather.com,JvMuCwweWbTe@,Faras,Vanpariya,Associationdrive,a2754030-9d49-4ca5-94b9-235f7eb9a63b,a4d12c55-2c9d-4090-b1ce-055f905e29c6,registered
KaranVarsani39@domesticfather.com,oigmpabJriDJ@,Karan,Varsani,Plancafe,5f3ebd81-5fbc-404a-9b7c-c20185dbcd8e,e9d52317-431a-483a-9429-60e9f85a7f77,registered
AbhimanyuDangariya95@domesticfather.com,aoPMRvLJPDvn@,Abhimanyu,Dangariya,Botcafe,23c66165-3e7b-4bcf-8733-8db042781406,685cd0ee-dc6c-4ff4-9f02-39e523856c91,registered
GirishKabra118@domesticfather.com,UijpjAbGGJNJ@,Girish,Kabra,Questhunt,cf423016-72db-415f-b091-d3b1bdc504fc,363d3010-31f2-417f-a907-d63df00f42ee,registered
AadiAjudia10@domesticfather.com,qdhDuMdzaHaT@,Aadi,Ajudia,Associationcafe,706bd38b-dc24-4a03-ab82-e698fadb499c,e2c2dd88-1d65-465f-abef-0de874b92262,registered
HemangDevani3@domesticfather.com,gBCkHshlowZL@,Hemang,Devani,Boundworld,7616236d-0884-49cc-9834-c9c5ef6ab096,9f518cd5-f200-4799-b149-252e2db85554,registered
IsaacRabadiya28@domesticfather.com,IhECtGhjYnrT@,Isaac,Rabadiya,Informhunt,b5c005c9-155e-4867-a4b3-465606cf4ded,cf7dc556-e747-4124-9931-f3dcf706abef,registered
JasonChhodavadiya106@domesticfather.com,uWAhpRMaUYHY@,Jason,Chhodavadiya,Completehunt,d6f22f44-d3ee-4527-8558-5ffaace14909,65d6e55e-b2c2-41cf-a2fd-4e9346a49e64,registered
KrishPipalva70@domesticfather.com,tuoXDhuiumBr@,Krish,Pipalva,Deckworld,7f6b5e4d-047a-4a0a-88d7-4790c39f4767,709ed531-dab2-48ac-9c64-494fde884aba,registered
RishiVarsani91@domesticfather.com,zWKIXTguFnvu@,Rishi,Varsani,Keyhunt,98d770cf-752c-487c-88c9-911933aecb9b,3b192298-187f-4a5e-8370-a91ba37c90b2,registered
IshaanDesai74@domesticfather.com,GTXJcCXVKWky@,Ishaan,Desai,Intelexim,07cecf45-8ecd-4559-82c8-cfa50cb28d8b,8ede1957-ff4e-4675-920d-0262023d33bd,registered
QasimRoy48@domesticfather.com,CJMJnYqmypzk@,Qasim,Roy,Eagledrive,5240a668-3e73-4612-91a9-6c4c3ab8346c,6daa5994-9d89-4e5f-a82a-cf1f6910613c,registered
ParthGorasiya73@domesticfather.com,uoXkTxrVFtMM@,Parth,Gorasiya,Botcafe,ce327a43-2216-4b36-a78a-8cbf180fbed5,793eb535-3203-4eeb-8810-4f8299f5c25d,registered
VedantGadhiya29@domesticfather.com,ZgbcQRfhqJkU@,Vedant,Gadhiya,Wiredlink,7b3bd941-a18a-4d6f-84b3-90f73b2922bf,6830631e-684d-41c8-b6d9-8474a0ffe7de,registered
JeetThumbar20@domesticfather.com,ItixVtHGERTY@,Jeet,Thumbar,Magnetichunt,5a18c8d1-1a56-4d2c-b152-1801ac90e3e7,fafd6055-17df-4ec7-8694-88ceb6febc1f,registered
SameshBhudiya105@domesticfather.com,DYQhLwjPcwpp@,Samesh,Bhudiya,Sterdrive,2f826400-9ff5-4a30-b9ba-d2640f8a2db6,98166787-58f4-40f4-901c-86ed1a979b85,registered
WriddhishJesani87@domesticfather.com,kpClXETCDWlY@,Wriddhish,Jesani,Progresslink,157c0826-110a-4bc0-a23d-3aa08ec24b42,9c2fa0b3-b1a8-4d72-b3e3-bd9bd21921c1,registered
FarhanKatba57@domesticfather.com,PHsboJImijEk@,Farhan,Katba,Massesworld,e5c91e00-8acb-4df4-97f2-3b1ee882937d,a5c1f6d4-d3d6-4eb3-85e2-62480dc03611,registered
ParthSarkheliya27@domesticfather.com,pzMLSCcApxqr@,Parth,Sarkheliya,Chasedrive,bca00c0e-078c-4d39-b44e-c7d4f3f729cf,1d93107c-b9cf-4328-9599-73380cd51d0d,registered
SathviknewMovaliya103@domesticfather.com,REkUEpqSBank@,Sathviknew,Movaliya,Reactorworld,67e4102f-63bf-4be5-a581-dc58c8429036,301f499d-b6ad-4cf2-8c05-c7829eaf616f,registered
AzaanKathiriya83@domesticfather.com,KdXnRvTvyOfx@,Azaan,Kathiriya,Informlink,7246b180-8ea2-48bf-9ab8-d793e6144f63,d46f72f6-7047-4891-a20e-477ef62c5366,registered
IshaanKhakhariya97@domesticfather.com,makhvgjYfXaz@,Ishaan,Khakhariya,Arcexim,bf724817-289e-43bd-9a94-c9110dbe6c69,74fbfadb-f251-4034-bbd3-8995f64370b8,registered
HiteshDhameliya67@domesticfather.com,KSfEBwQGCkCt@,Hitesh,Dhameliya,Rockethunt,56b1a4ce-a430-4743-8813-82f794e9e175,384c8d4a-a077-4ed4-a36c-e53f33d6386a,registered
HarshPolra100@domesticfather.com,ESVpaBRnfESs@,Harsh,Polra,Intellink,e25f49ca-2e89-44ed-bc22-1d99f5f1c78f,68d55ed4-6097-4cdc-a91e-ed661c210359,registered
SamarthShankhavara80@domesticfather.com,KgHVxVyPzPNQ@,Samarth,Shankhavara,Pursuitcafe,d990d8ef-5120-4c20-a05d-42eec21bfe78,afbb1cea-d2b6-4a7b-a945-5a32e8d366a8,registered
UdarshKapadiya30@domesticfather.com,KbTJIAeuRwxY@,Udarsh,Kapadiya,Deckexim,8fee31da-7368-465c-a35b-a9aba4c5bcc8,fe96d697-e1ad-4019-a84b-6bfff07324c5,registered
JairajLukhi32@domesticfather.com,mryZClgRMEKp@,Jairaj,Lukhi,Methodicallink,261d9688-e58e-4d29-8a7f-8db32a1b9d93,67fc9295-2349-4dd3-87fb-65a0469a4933,registered
DakshShankhavara84@domesticfather.com,fZuNWQLTLVwk@,Daksh,Shankhavara,Prismcafe,85e4c98d-6b9e-4808-b9b9-5c1e34d55560,e145738c-4f4f-4f65-990e-cab29bf3eba6,registered
WarinderKhakhariya120@domesticfather.com,HuvaHrVhcnei@,Warinder,Khakhariya,Socialdrive,437aac89-d218-42cb-9f3a-e768df6c28f6,e7c61ed3-59ee-4949-8f5f-c12cc9a684db,registered
OmMandanka77@domesticfather.com,oZmbbRicGVum@,Om,Mandanka,Globehunt,d0f60dee-2205-4594-b8f0-18a6511ccb56,16ce24a5-f26a-4c6a-89c1-8ac727c0ef39,registered
CharanShekhda29@domesticfather.com,sGJKmYNBerTL@,Charan,Shekhda,Dashhunt,7a2d25e9-ec50-425f-9b71-2d183b43852e,1b7eda61-dbcf-41e2-8df6-54b549c81666,registered
GuneetSidpara118@domesticfather.com,HjbTpvXjcujY@,Guneet,Sidpara,Associationhunt,3b5c761d-5eaf-4fb4-8bb1-79b791f73e6c,6afc5ca3-ce0e-4025-85a5-43fd2004a7f1,registered
KaranKunjadiya79@domesticfather.com,pXAwunOWVrEl@,Karan,Kunjadiya,Forwardexim,d9f20ab1-a393-4103-a85b-308370ef3ce2,204a2476-ff9f-40de-b53e-6893b2182fdc,registered
ManthanChhayani.53@domesticfather.com,lBuuaHnimVnx@,Manthan,Chhayani.,Huntexim,36bfa03c-a300-42f1-b516-336240e546dd,a32b7e53-e2d6-4132-8a31-9cea8b257da8,registered
KrishPipalva8@domesticfather.com,XAuNNOYPJCKM@,Krish,Pipalva,Questhunt,64ec8c12-b11e-4130-ad7a-07eeaf5e1af4,b8c50e11-abbf-42d1-872c-00ebf3649812,registered
WazirZalavadiya.61@domesticfather.com,vqSzXlAHNVeg@,Wazir,Zalavadiya.,Dashlink,08669227-cae8-4b42-93f2-25fc45a45c70,fe978747-b100-4f4c-bce5-820ad44fb357,registered
UmangLimbani39@domesticfather.com,sAKEhLcKWivL@,Umang,Limbani,Metadrive,a90230ba-c4c6-4cd0-8b6c-c9c9bc857f68,78980fd9-1d68-444a-90ba-e59653f9c90f,registered
AviMendpara92@domesticfather.com,gRkDxRlxyeKm@,Avi,Mendpara,Proofexim,ff0607aa-6d84-444c-97e1-44a1307a16b7,b004c326-2338-4b41-98d8-fe7566b4a7b9,registered
KabirKhunt71@domesticfather.com,hxoyABdTUKIR@,Kabir,Khunt,Pursuehunt,623bce70-a21b-436b-9b15-36c771c52c7c,7b2f3b0c-346f-4c99-a28c-6fdf43775533,registered
CharanBhesaniya35@domesticfather.com,cweRNXGXfaZF@,Charan,Bhesaniya,Arcexim,f1b9d117-6621-49f0-bb05-75052cae24bb,25b756f9-e2a2-45a1-9533-1c3895ecc307,registered
TanishGondaliya27@domesticfather.com,wzIhPaXqJCep@,Tanish,Gondaliya,Altitudedrive,c01da7c7-c2c3-4af7-8a48-2afe6770c627,58f078b6-18ae-4532-afea-9846cc85ca3b,registered
ChakradevSiroya40@domesticfather.com,wVPRXJhqDxVC@,Chakradev,Siroya,Supportdrive,1b8ab90f-5abc-4b5f-8796-f10c47ec8050,7a81c48d-eb9b-4b84-8715-c290c93cc59f,registered
MadhavGhelani103@domesticfather.com,SlXNRzXCCWFs@,Madhav,Ghelani,Prismworld,01f084db-6f7a-43e7-bb6d-1ae23c5f67d1,90bb8dae-5cc7-4694-80fc-9b55172d898b,registered
SarthakDholakiya91@domesticfather.com,gvIbluvlREJd@,Sarthak,Dholakiya,Neticlink,c88805a8-baa3-40cf-a530-1b71a6488e1b,a73c66b5-e708-40ec-a2fc-406584401201,registered
AadiChikhaliya77@domesticfather.com,LwOcRjeStAeM@,Aadi,Chikhaliya,Traffichunt,e147c15e-037e-4fbc-95d5-c262152dcf55,794f579e-800b-401b-9583-57105885755e,registered
LohitRoy10@domesticfather.com,gpJXeLgNhTjv@,Lohit,Roy,Thrivedrive,afb633c9-e9e6-4f1b-b14a-5099cc68fef1,5751bae3-179e-493b-a834-57c7341ac2ba,registered
BahadurjitSorathiya30@domesticfather.com,HulCDoXbhuzn@,Bahadurjit,Sorathiya,Decidecafe,3a5d4e0e-5687-4a7c-97b3-ba521a1cad40,142ee0ca-d792-4646-b656-d8b1f5ed7fb0,registered
EkarajNariya87@domesticfather.com,oMTzZFHudGDa@,Ekaraj,Nariya,Blueoceanlink,4508c33c-2a1a-4538-bdff-b37f16e90fbd,5819702d-8be2-403e-b7d1-fc8cc32bcee8,registered
HritikParsana41@domesticfather.com,bLkMsUzyPUdy@,Hritik,Parsana,Prospectexim,07d10846-dcac-4604-9c35-3945a99a4633,1db9dd2c-76af-4928-a4eb-7d1e070d3108,registered
LohitRank112@domesticfather.com,WbRmLkNYVCXh@,Lohit,Rank,Relevanthunt,c2ff06b4-f5ae-474a-bee2-cfb9a4ba841d,c586ef97-54fe-40e8-a86f-43b3de36b357,registered
NakulSutariya36@domesticfather.com,LjwIcZkdeRKY@,Nakul,Sutariya,Neticworld,3198bf61-3c90-4733-89cd-5d4c4441fca2,273bcb79-e241-4d5c-97b5-071a1667919b,registered
ChaitanyaBorsadiya99@domesticfather.com,oIWyUOaCSqjX@,Chaitanya,Borsadiya,Pitchexim,68ae6e2b-94f1-4db8-acf3-79925f309ea0,76bc315b-87b5-48ca-b8a8-beb301a9c959,registered
NakulGundaliya116@domesticfather.com,OMywUIUpUmRR@,Nakul,Gundaliya,Pitchdrive,3da7d1b6-73c1-4c6c-b3fe-aba2d47ff656,263834d8-08b2-4415-94a6-52f4598d5e8e,registered
NakshMoliya17@domesticfather.com,MGgHfFIyygtl@,Naksh,Moliya,Expandcafe,93d637f7-1794-4cd7-981e-9ec1b1a44b62,236f5613-85c6-4dc5-8dad-392d843fe804,registered
ArjunDungarani74@domesticfather.com,bERDvoJgSCzJ@,Arjun,Dungarani,Relevantcafe,ef395f54-e137-4869-830f-be521930b431,71165f35-4758-4353-9173-f68f8fb36348,registered
GuneetMorad30@domesticfather.com,DEgvCvealLwj@,Guneet,Morad,Cardinalworld,9b6996ec-9ce8-4d3f-a83f-53af244a7576,3f052840-4ba4-4dbd-bb69-af0a7f2881d7,registered
RishiRoy78@domesticfather.com,XBJjDTesXoWm@,Rishi,Roy,Liquiddrive,f8a22e5d-64e4-4967-816e-cccd248a6d3d,ccea11c0-b460-4da9-af34-c2887026b6a7,registered
DalbirDhorajiya44@domesticfather.com,BnwkVOZXgtAr@,Dalbir,Dhorajiya,Iumdrive,218a7475-3898-4fac-8242-9c762432a066,a055565e-fa89-4c7c-ab8a-e346ca92fa85,registered
LakshKothiya34@domesticfather.com,xMCoUteHIHMs@,Laksh,Kothiya,Tasticlink,e752c623-c242-48c2-b038-e7da312428f1,9407b066-d8e9-49ca-ac1c-148698f567db,registered
AzaanSagpariya62@domesticfather.com,ORzpTKlAKRyU@,Azaan,Sagpariya,Immenselink,ad389587-d2ad-4c2e-9390-aeeb99bc9b26,c2c69329-24cc-4f6e-8909-090735a25abe,registered
AgastyaBharodiya109@domesticfather.com,caZvzVLenAKc@,Agastya,Bharodiya,Keyexim,a3369658-de9f-40e1-b73c-56c3a7d390d4,fd0ad92e-447b-4cd8-8f58-dc236a2e6b23,registered
OnveerParakhiya20@domesticfather.com,NgVHNkfZAhcw@,Onveer,Parakhiya,Performancedrive,f43c73b8-e14f-44d2-b57e-e32acbb50ed7,7c2bea21-ada5-4948-81eb-c0274bbe65b0,registered
JaiGajera111@domesticfather.com,nENOkRyWBzmH@,Jai,Gajera,Prospectdrive,ce37077f-c9b8-4e5a-84c8-63bf659bb2f2,f204641d-1d3b-4d67-a6bd-e0751f4a02a2,registered
AkshayTilala113@domesticfather.com,RyPuHriamSMz@,Akshay,Tilala,Nativeworld,5ad3e04f-03ab-47d3-a075-923da9937222,15bdedb3-2ace-4c91-be76-d3b5edaf241f,registered
JatinKapupara7@domesticfather.com,ZfGQNHBOCRUn@,Jatin,Kapupara,Completedrive,99d7215f-e4c2-4c5a-883d-25520d27299f,1058e597-c2c4-49e3-b591-057cd2ca524f,registered
RayaanBoghra0@domesticfather.com,BYiaaLHNzTvn@,Rayaan,Boghra,Sterdrive,126a31d0-65c4-4e7e-bf98-c0ff1aa3ba3e,f3cf9b22-02e6-4640-8f2c-2a9a7d885246,registered
TanishRajani43@domesticfather.com,byTktJKTCjmE@,Tanish,Rajani,Forwardcafe,1c38b83b-9946-493f-8ffe-612321d57ac9,bd3b3ab2-184e-447d-b060-ce1db4a11ac6,registered
YatinMandanka69@domesticfather.com,HuVSrGRIVnZa@,Yatin,Mandanka,Societyworld,a4a8e21d-5ac2-41fc-93e8-7b64e71ee490,f32d5c4e-a09b-466e-8bdf-f3d28d15bbda,registered
AarnavGadhethariya80@domesticfather.com,MaNpeDQyQMgn@,Aarnav,Gadhethariya,Iumworld,5d357b46-d42e-4f70-8db0-8ee820642223,7b832c2a-01d3-40bb-805e-0b881cb58550,registered
UmangZalavadiya.6@domesticfather.com,WiCdtiZEYfnG@,Umang,Zalavadiya.,Vioworld,e0edf3cc-2309-4969-8691-fb95c513eec8,9bee7197-bd84-4016-b09a-6afe45f5b0b7,registered
RanbirPatodiya76@domesticfather.com,GbGipgtyALRa@,Ranbir,Patodiya,Posthunt,4da3dca5-a508-4fb1-ae99-77a3dbf04ddf,2f945a5d-9ace-4a0b-a743-348a7a672b2a,registered
OjasNariya28@domesticfather.com,DsrXZmmfSPlY@,Ojas,Nariya,Executivecafe,c507490a-6f3c-42f3-9f02-85a88315172b,ec694dd4-6c85-412f-8622-bebf0508d032,registered
AdvikBodar15@domesticfather.com,YixPRSRjwYwd@,Advik,Bodar,Postexim,41d6f600-cf68-4601-9fbb-6f43ceb89767,cba425a8-ae35-4f14-b2bd-6fce38e9924b,registered
AzaanKathiriya98@domesticfather.com,TrTvEyGoEnzi@,Azaan,Kathiriya,Magneticdrive,eb9bde4b-9388-4dcd-add4-935a81689fc6,5080cb92-e32b-4926-8e02-b859eb5e4f3a,registered
OrinderHarkhani105@domesticfather.com,RzvGMaJFoNJd@,Orinder,Harkhani,Authoritylink,b7e897bd-24ff-4795-a0bb-c3cd39480f9c,17051648-22f3-44ee-ba1e-62108de89395,registered
KrishMendpara39@domesticfather.com,qakdSsEckRcG@,Krish,Mendpara,Pulselink,b4149f82-3a9a-4a11-a344-2ec751ba70fb,22f60918-d46c-47ad-8987-b1607a1c4d24,registered
DhruvKarkar63@domesticfather.com,LHjSfSmxvkea@,Dhruv,Karkar,Growthexim,475e090d-691d-4d53-ace6-bd27f680f3ca,0602d1bc-2343-4af8-b354-10ea3d31a397,registered
AzaanBhanderi77@domesticfather.com,czrGLAfJGNAs@,Azaan,Bhanderi,Checkcafe,4eaee64a-92d3-4a0f-9192-568e40d37a69,aa28f104-8a32-4d09-8038-759c999ad3bc,registered
KalpitMathukiya63@domesticfather.com,msqlqDuhcAnY@,Kalpit,Mathukiya,Agitatorexim,956303eb-5bff-49e3-8f53-ee7d90e93820,f2812419-55a5-4334-bc18-bfd5a8ee29ee,registered
ChandreshRamoliya89@domesticfather.com,LoqymJqzNhnb@,Chandresh,Ramoliya,Authoritydrive,c6b91acf-7c66-4253-8fe6-eb5b2398c502,f299adff-06d4-457f-b7bb-aa78443c8f6a,registered
ArnavAkvaliya73@domesticfather.com,TPByGPZANVHS@,Arnav,Akvaliya,Proofcafe,b580bc20-bc77-468d-979b-0be14ebf6ce5,af776297-e72e-42d7-8caf-b377d4f5ddfa,registered
AadiJesani85@domesticfather.com,jKpUuMQXRhVA@,Aadi,Jesani,Yadrive,e9db9e0e-be40-4e5f-80e0-8a4c82a664b7,a7e77729-4d47-4ab4-a4aa-c9f5e4b7445a,registered
BalhaarRoy16@domesticfather.com,jesoIScoxIAQ@,Balhaar,Roy,Nestexim,80cfa871-56a7-42a6-9a73-a48eaffb6cea,994854ab-e640-4dae-9eca-cd36eade4b1f,registered
HemangHingladiya11@domesticfather.com,BfEdtjHcrpQG@,Hemang,Hingladiya,Performancehunt,1d33f4c3-346f-47d2-b1ee-3f97857804b6,e2399d61-ec80-46f4-aff3-51fd2bac786d,registered
HredhaanSakhvada14@domesticfather.com,AqQJPRMYZqyV@,Hredhaan,Sakhvada,Decidelink,ae18681b-c385-412a-aa21-29d36cc4743c,d28b3e9c-ef55-4293-ac9d-2faa683e706e,registered
ShauryaChuvadia.37@domesticfather.com,xjwVqDyNtFjo@,Shaurya,Chuvadia.,Gonzodrive,9cf4f2b3-512e-4dac-adda-303fd65c3d17,548df66e-783c-4dbd-8c78-d48a49028baa,registered
OnveerGami87@domesticfather.com,jMjFjUBumbOc@,Onveer,Gami,Moredrive,991599d3-2a9e-4e81-b530-a1d159086b50,765ece6b-42da-43bf-95a2-a4c3a2507eb1,registered
ArnavAmreliya37@domesticfather.com,lbnMuyKHAiPG@,Arnav,Amreliya,Nativelink,b1882e47-2b05-4a64-92eb-96d8fb91aff2,427ffa47-a290-45c5-9634-d7865d471172,registered
AnirudhBhayani111@domesticfather.com,wpFrfGdqtXCy@,Anirudh,Bhayani,Performanceworld,6812e397-21dc-4470-aef0-a13c82022d7e,a8a9cdcd-821f-42c9-85dd-9b817473e209,registered
KaranMadani15@domesticfather.com,hKievLrthiDo@,Karan,Madani,Magnethunt,358d906a-5d94-49a9-b850-70d9e9178053,88025519-b26d-4a59-bf6b-60da4877ed80,registered
AnirudhSorathiya37@domesticfather.com,gCKMmMBkEhIe@,Anirudh,Sorathiya,Fluentexim,8e762626-3099-4b9a-8ab9-61be535ec7b7,cdf3804f-4c70-419b-bbcc-7da245cbe823,registered
JasonBhingradiya54@domesticfather.com,LCColjqKPDNF@,Jason,Bhingradiya,Progresslink,2d366092-51e9-4f5d-b255-7151c7b5c361,215818c8-5a9a-400d-80af-8b89b133ec8f,registered
AayushBhadani18@domesticfather.com,tEkrfxCFlmbI@,Aayush,Bhadani,Planworld,7597ce9c-b602-48aa-9b1f-10ebe4a0f419,d771f766-80e0-43cf-9252-a8e0b71a0b34,registered
KalpitNasit86@domesticfather.com,MeuxRkbdsSrz@,Kalpit,Nasit,Postlink,4a7b4886-ad89-4055-b771-6ed6701b3c7d,fcc30ea9-687f-4b8b-bae3-989e0d8b2f11,registered
FaqidBambharoliya117@domesticfather.com,yMUYQPldYUdt@,Faqid,Bambharoliya,Societyhunt,1428c772-b520-442e-a8f4-57418d2f5e3c,b19e7a8d-17b7-4177-b7ff-d5a1b123a3e8,registered
SamakshJasani87@domesticfather.com,mYWrHHQQuQEI@,Samaksh,Jasani,Methodicalcafe,768cb0c6-3332-42d4-9747-9fc7124c27c9,b346388a-6ed1-482f-9107-ba00ec73096d,registered
EkbalChhodavadiya25@domesticfather.com,nSenQjzyBVxy@,Ekbal,Chhodavadiya,Directlink,b7fec733-6e99-410a-aca2-c02a37be6de0,b3000aef-2b9e-4656-a6b4-7f18cf082e34,registered
FariqVaghajiani55@domesticfather.com,JQtcuVBWQjdw@,Fariq,Vaghajiani,Managedlink,1e26790a-5e36-486d-8599-36ffbd7df543,ecfc13e9-5356-4df0-a24b-e7396479ef7a,registered
AbhimanyuSabalpara102@domesticfather.com,zrAKYflWsrza@,Abhimanyu,Sabalpara,Eagleworld,866917ef-8f97-4c92-a39a-06c65d06ae0a,25792a5c-aeb8-43dc-82e2-291c70666310,registered
SamarthPatoliya120@domesticfather.com,qVBIapZJqxJh@,Samarth,Patoliya,Executivelink,e15d49dc-9213-4e1e-a8ef-ee9d212a441e,492a1e2f-f1fe-4da2-9f67-45536df894fe,registered
BanjeetSabhaya93@domesticfather.com,jiTEnmWoWZUR@,Banjeet,Sabhaya,Xdrive,f32e55f5-b97f-43b6-8bcc-7cf00bfc9965,1cad5ee4-c870-4c2c-8f0b-5810cade4d97,registered
NiteshChohaliya80@domesticfather.com,iBDkKLwcuFrN@,Nitesh,Chohaliya,Planexim,572eff6c-2a24-4d1a-8cb7-f24791a05229,3d769aa4-d0b8-407a-a130-45899618b79b,registered
ChaitanyaDholakiya53@domesticfather.com,kbwEenCUXJey@,Chaitanya,Dholakiya,Nativeexim,4bf2a540-aacd-4911-ad67-58ede40d2833,747c6607-3385-4199-bed8-0f1de53a38c3,registered
LabanBorsadiya2@domesticfather.com,OQGzDKrtAWWL@,Laban,Borsadiya,Operateexim,eb915eca-cf86-4dae-956e-1968f0831243,72f3b75c-a4a7-4d2d-be05-124c24449bc6,registered
ArinSorathiya67@domesticfather.com,qXEhfxqGqhGd@,Arin,Sorathiya,Versehunt,7fa0de6d-9a48-4d63-87b4-2800dd1d9a6d,2dd655d3-989c-4c73-a467-18e350f03b64,registered
KaranKoladiya121@domesticfather.com,aVDRdDXiylQW@,Karan,Koladiya,Sustaineddrive,75edfed0-d32d-4d60-9fa1-89cafd210706,341285e8-c17c-43a1-993a-448f95b038bc,registered
FitanDudhagara72@domesticfather.com,uvEHtAEdfoBX@,Fitan,Dudhagara,Directhunt,5c9f7d54-2b76-4356-bf9b-3b93822a3759,422d3768-0546-4797-a818-bdcbd2a16469,registered
OrinderAkbari82@domesticfather.com,ApQuEcwcVNkM@,Orinder,Akbari,Pursueexim,a6517eb2-64f1-49d2-a9f3-708f7abc2b14,d3e900a6-ab0f-4c08-ad80-a8fbdee2ae16,registered
NakshTejani55@domesticfather.com,bKweJcztNtyK@,Naksh,Tejani,Expandworld,dc539c57-e014-4ce0-9db0-a27edf282a88,bfd86090-253e-4cb5-9cb9-cdde543e2bc8,registered
RachitDobariya24@domesticfather.com,VbFNHzTKFslV@,Rachit,Dobariya,Spreadhunt,c4e01ef0-65f8-4027-baf4-5b3b4acb9d75,1e81e969-a2ca-4c50-9705-818168293c26,registered
HiteshLimbasiya78@domesticfather.com,ZymOTbHSSvMe@,Hitesh,Limbasiya,Engineworld,74aa4a73-0e7e-4168-97bf-5bcd395c59fa,b925dd88-a0c9-482c-9399-4c4dd3bc744d,registered
ReyanshRank19@domesticfather.com,OeAoIqIcNAvX@,Reyansh,Rank,Performanceworld,0bddf9be-7940-472b-b1ce-615d377e53a6,a639f8b8-5969-4114-8b0e-790981955076,registered
JasonThesiya19@domesticfather.com,OmzwHDdidBMF@,Jason,Thesiya,Performancedrive,f3ba7f4e-956c-485f-b671-588594125250,0085c00f-2175-42e6-aba3-ef489b372aff,registered
PraneelJagani69@domesticfather.com,PmSZbqLkbtVm@,Praneel,Jagani,Cornerstoneworld,9021b819-b3f2-47de-b7d9-fbef0aeda2e6,2427d080-c85b-4c9e-b7ff-b5f92fbd8a0a,registered
NachiketGundaliya21@domesticfather.com,IknWUsmLiZhF@,Nachiket,Gundaliya,Immenseworld,57f860ea-d771-4e17-a457-e5331a99c986,282eb570-045b-4665-b8b8-8ccb7b952a51,registered
EkanshSavaliya115@domesticfather.com,EaSErhiKXFZr@,Ekansh,Savaliya,Originexim,1989615f-af1f-40d8-97e4-e6cc93c55b44,9da14b9f-25d2-41bf-929f-b70530ab3dc3,registered
ZayanMangukiya102@domesticfather.com,UtgjsuVHAKNP@,Zayan,Mangukiya,Zoidhunt,9051369d-d99d-4207-8b41-567a83dd293e,2483bc83-d654-415e-a742-93eb89d8e4cc,registered
RonithJiyani62@domesticfather.com,HQTEPJljvIrx@,Ronith,Jiyani,Socialcafe,be1e15d5-883d-43c4-9aee-b3fe2065e7c3,ce4211f7-6f50-4654-8e73-38ea3207c2b1,registered
ChaturaJiyani40@domesticfather.com,oxURhyzNGUNW@,Chatura,Jiyani,Testedworld,fc7b5f1b-179d-4034-bd2a-1235393a721c,6c4ab8d7-e04f-43f9-b943-996494fea997,registered
HiteshShekhda86@domesticfather.com,ABvZVbkosDNG@,Hitesh,Shekhda,Globeworld,9a89bbd4-9622-484d-97f1-0a3cd7dbe8c3,098e94d1-1cf9-4547-8557-5c8519972217,registered
QadimChimediya62@domesticfather.com,HDGzwvqQzjMS@,Qadim,Chimediya,Splitlink,6ac49fee-ce76-4382-9ff9-c7a9cb20778b,99dd9670-56d4-49cf-a10f-3fe03fca5c40,registered
PranavJasani2@domesticfather.com,YNpkiUdjxOvw@,Pranav,Jasani,Magneticdrive,626daed0-da67-4547-bca1-b278c9fdbfdf,aa3cccdf-69b9-4080-8da9-13cc91d72dfa,registered
QarinDamasiya34@domesticfather.com,BHpDSneWEQDP@,Qarin,Damasiya,Motivatedrive,1a1bb079-12e0-4aa8-860e-bed352986c76,b568b79b-37b8-4da3-8980-543fd7ed9211,registered
HemangMangukiya74@domesticfather.com,rdfETnbSIxoc@,Hemang,Mangukiya,Segmentexim,4d693e96-aeff-4a8e-972f-dbd5dc67c083,105cc0c5-f21e-4ea5-a43b-967f04418efb,registered
WarinderBodar120@domesticfather.com,iimiRVWgRgpQ@,Warinder,Bodar,Yadrive,30c51a82-7324-4405-87e2-cb225514fc5a,b4f03553-04d5-4442-ac27-940debe6af68,registered
UmangSorathiya33@domesticfather.com,UTtCqjGFaFCh@,Umang,Sorathiya,Egylink,d7d468d6-b216-4384-a3b0-d6f36bee0de5,26b06e43-d063-46a0-9b0c-9596b7fb8c18,registered
ShauryaPansara105@domesticfather.com,FajpGLPTuBhj@,Shaurya,Pansara,Dynamicworld,e35633d6-5089-4a63-943d-b39252a3d05f,d58c6993-5576-489f-9a0e-2b13a5cda1a9,registered
JasonLimbasiya89@domesticfather.com,ShRWAFALRNsO@,Jason,Limbasiya,Nexushunt,7856a325-8c21-4481-a413-7da63a4b4fc9,de6b0aab-4721-4c57-be7e-6ba054edad50,registered
SameshPandadiya63@domesticfather.com,SDKNYCBjQUKx@,Samesh,Pandadiya,Spirecafe,7dccd135-1d39-4301-8c3f-779fe9958203,2aa33882-9d69-46f3-be4f-90898458cba7,registered
BalhaarParakhiya22@domesticfather.com,JbhCCrxiZyeU@,Balhaar,Parakhiya,Scapehunt,98fa0dbb-fa8c-42e0-80cb-61cd7ac8b88b,11ab9823-099f-415f-bb6e-d61927c34fb5,registered
AyushmanShekhaliya52@domesticfather.com,KNokiUJwzqmR@,Ayushman,Shekhaliya,Eagleexim,f6623839-688d-4287-8a16-55425c03964a,df42ab01-d947-4be7-adb5-5275497ac01c,registered
RachitKumbhani51@domesticfather.com,lcuzhnbkQdUE@,Rachit,Kumbhani,Spreadworld,efd12c4e-b99c-40d6-952b-350ad3edc8fe,1ce2e776-8878-41c6-8b83-701dde9a5ee3,registered
FaqidAkoliya106@domesticfather.com,ZbrUQKiWvQxY@,Faqid,Akoliya,Strategicdrive,3021418a-ac55-4414-85f4-1086d73e3d49,dbd1e934-165d-4785-8553-59ebca106ba1,registered
SamakshBoghra69@domesticfather.com,uclwvRJkZUjj@,Samaksh,Boghra,Connectcafe,ebdca93a-70fb-43ac-9a36-d52decd87128,4662258a-0803-4748-95c0-c865dc7b73f6,registered
BalveerKerai113@domesticfather.com,wwBmHdakdbGo@,Balveer,Kerai,Citylink,c07b2204-bfde-495b-bd23-7eae75b66d3a,5685c883-f5e7-4785-86f7-f9971d04164b,registered
FarasKarkar9@domesticfather.com,emacYvlkJbIm@,Faras,Karkar,Intellectcafe,739a6885-1609-4d1f-b62e-ed90c7c7accf,826f4d05-1f84-464c-92a1-a6de8e24431c,registered
AzaanKarad71@domesticfather.com,CdqRsxNCjhvt@,Azaan,Karad,Originhunt,5cd34367-2fdd-4bab-b247-60b64a0642b6,794ecebf-ef04-415a-83c6-62071b500b87,registered
HardikKasvala57@domesticfather.com,pJrAzSKIpWiG@,Hardik,Kasvala,Uniteworld,8e26e4e7-207e-4976-98d2-af6eacae1e87,e62039d0-aa4a-4eb4-8148-40d0f5f18179,registered
WrideshNandaniya75@domesticfather.com,oCUwjPhudbFB@,Wridesh,Nandaniya,Motivateworld,f113ffaa-8338-45d6-976a-b56088de657d,90d0cc7a-f667-4fa5-8fb4-64da5257a06f,registered
AbhimanyuPanchani79@domesticfather.com,osEIunmZqHHe@,Abhimanyu,Panchani,Nestdrive,dbcc25e5-83ce-48bc-ac9f-4137224c19af,a61e6219-adf3-4bb4-8c62-83f662021a3f,registered
JagatSojitra54@domesticfather.com,GfCyWLIRYkqK@,Jagat,Sojitra,Sterworld,288a007a-23ec-4aad-99da-ee13b75d06de,6a60b9de-7f48-45d2-a04a-e87140437686,registered
AzaanAjudia89@domesticfather.com,pBJKphOdGGKQ@,Azaan,Ajudia,Decidelink,cce13aa5-2117-4b4f-8d15-212613a63ad0,6526bc4b-5765-491a-9d93-350ce326f3b3,registered
AbhimanyuMadani70@domesticfather.com,HKzxFdLMubVl@,Abhimanyu,Madani,Huntcafe,4a7ea02b-8e9d-4e87-890a-d601926f7dea,89df76ef-471d-49d7-9dc8-4db794d39978,registered
TanishShekhda11@domesticfather.com,xHVXIdcUqcdI@,Tanish,Shekhda,Violink,cf7c0404-db5e-4551-a8bf-696734cd90b3,d00335a1-ba66-493d-b95f-1ba6e2c301df,registered
GuneetSagpariya26@domesticfather.com,tJHvkzNOAPiK@,Guneet,Sagpariya,Advancehunt,81748e0e-ec37-45f4-a632-ace43da78f16,b37cdf57-2355-4695-8012-a728ddd53044,registered
HredhaanLakhani56@domesticfather.com,fKbremccpaJy@,Hredhaan,Lakhani,Prismlink,94e0d7a8-b3fa-4e8c-8100-109a864c448e,5a6a3d21-3d81-40be-a1b1-aa898568f226,registered
SiddharthGelani97@domesticfather.com,qiHdRYVXZHTk@,Siddharth,Gelani,Pulseexim,3d08918f-4bd0-497c-98f8-70f5e114ef54,71338e31-65d3-44e1-aaf1-bebd9e29308f,registered
SamarKikani54@domesticfather.com,qGoMAXADzDoH@,Samar,Kikani,Decisionexim,ce6b970a-e8f5-4ff0-9e60-56f49bd17af4,c06d3b85-191b-4740-9215-d48a84327551,registered
BalveerTimbadiya49@domesticfather.com,eTvIRUOntBpd@,Balveer,Timbadiya,Completeexim,ecd73895-50b6-4055-b1a8-b554b2fb3fe0,909779f0-3dea-4391-b093-22075676009e,registered
IkbalKhichadiya83@domesticfather.com,iIEGgirrPtli@,Ikbal,Khichadiya,Expandlink,47afa204-2b8c-4777-9459-0540d8691d48,585448a8-7c9c-4918-9191-8f29e137bd89,registered
SameshKunjadiya6@domesticfather.com,ZgtEYHOSWmdB@,Samesh,Kunjadiya,Gonzodrive,06d914e7-3635-443c-8c01-0296dc758f9f,7a86397a-f93c-4277-bd65-86826b4fc38f,registered
EkarajSiroya44@domesticfather.com,ykDgcRnIlTUk@,Ekaraj,Siroya,Originhunt,41b240b1-5274-4814-9443-89ea0b446850,38b39e6c-432f-4a79-a461-30815a3eeb99,registered
HemangSeladiya88@domesticfather.com,rnHBrfeMjnjc@,Hemang,Seladiya,Exhunt,539bc766-84d5-4aa1-a34b-2294744ce3fa,247e634a-d9b9-4cd7-a390-1838683f7c63,registered
OnkarVisavaliya112@domesticfather.com,cIWgarHGdaKZ@,Onkar,Visavaliya,Dashexim,4a0fc9d7-cbd7-4ad1-acb4-1431070b5988,b5284018-fe2c-4cef-89a0-d5e42710a10a,registered
SaiHala103@domesticfather.com,mvATKTfYcqlD@,Sai,Hala,Progresslink,5cc8db1b-ec30-47b1-bde7-bd7f65130e5d,8e25a1c1-c693-403e-b17d-d0630ce6b522,registered
VihaanAkvaliya109@domesticfather.com,qMTVDCXLrQnb@,Vihaan,Akvaliya,Completeworld,0d60da71-e302-4fc3-8bd6-3ddfa6d2d20b,7cd411b1-16e1-4a34-8d30-c30042eab4cb,registered
AbeerRamani65@domesticfather.com,bgWzrYYsrSGC@,Abeer,Ramani,Spreadcafe,d8cbbaf3-0f40-4e23-bce4-e8a7d7d46cc0,c862f0fc-0534-4397-bd9a-851c6568d364,registered
DarpanVadi34@domesticfather.com,fDtnHlivlcCT@,Darpan,Vadi,Keyworld,9c5bc170-2446-49bb-b5df-c891e48f0239,a751256e-90fa-4ef2-8fdc-9c9dbfc870e0,registered
BanjeetKathiriya78@domesticfather.com,cvgahzLotovO@,Banjeet,Kathiriya,Internationalcafe,e7b8e23d-a658-4b8c-a27e-9249953eda8a,16a72c39-097d-4c62-bc1a-2400288c5276,registered
DarshAbhangi15@domesticfather.com,wnvNVgbzLLYH@,Darsh,Abhangi,Funneldrive,3d144b9c-0b7c-417b-a79a-ba34230b321b,7ac1160e-8af0-4f39-85f8-96f519a698e4,registered
ShivanshMemagra32@domesticfather.com,WpWJScQFmuiz@,Shivansh,Memagra,Agitatorexim,854e5805-9a37-4546-b745-8e5bdba24790,17aa5f31-d0f6-4819-854b-f385efecceff,registered
TanishChuvadia.31@domesticfather.com,KQkAGybNzlKq@,Tanish,Chuvadia.,Flowlink,8e377fba-ab70-4fe2-afcc-986f6e1f8c35,78546756-2bcb-42d4-b5f1-623593214820,registered
DakshPoshiya102@domesticfather.com,ZgTpHHJWMedA@,Daksh,Poshiya,Agitatorlink,f6dae7ea-1102-418f-bd9a-397a128b1a29,b0004bd0-294d-4380-9773-82cb3033eba8,registered
MaanavGevariya78@domesticfather.com,hGkgjaGLHEaS@,Maanav,Gevariya,Posthunt,760071c3-a942-4f15-971c-180c06a9920c,9b97afa6-7d30-45d0-aa5f-f37598a2d0f9,registered
FradoDangariya112@domesticfather.com,tKitskaGZPtI@,Frado,Dangariya,Botcafe,381cce77-0fbe-4122-9161-2599d63919e3,cd133422-9558-492e-a564-b8f23f44ec4c,registered
OjasMadhapariya15@domesticfather.com,GgXrmzsvdDJd@,Ojas,Madhapariya,Searchdrive,8475489b-6b05-46f8-999e-a6d59e3a54d0,695e882a-01a4-487d-a99e-6e8593aac72b,registered
ChaitanyaKhichadiya91@domesticfather.com,vubivnaBXpFr@,Chaitanya,Khichadiya,Performanceworld,c5f83988-4c57-45ee-988b-7ea8203df2cb,0cf652c5-2964-42f4-ba6f-ea3bd852689f,registered
RanbirMadhapariya28@domesticfather.com,hNZenXzGpMYC@,Ranbir,Madhapariya,Headwayexim,a7dd262a-415d-4339-be55-34d4a0f86c42,f29d7a6f-eaf4-4ff6-91bb-65e8f315f489,registered
WarinderVaghajiani28@domesticfather.com,XajsqRmJbgbN@,Warinder,Vaghajiani,Authoritydrive,1343d5d2-de74-4b4d-9cfd-64504161b607,207b9aa0-f5cf-417d-bf58-232185f3403e,registered
JainewGhelani85@domesticfather.com,bVSKfJgSyDRp@,Jainew,Ghelani,Huntworld,3387f81a-6d57-45ca-a533-4dba2b8ebf93,f5d5f80a-fff5-4346-b525-510353d1aa2c,registered
KrishShankhavara21@domesticfather.com,AvtVewbhwUlt@,Krish,Shankhavara,Massesexim,9934b179-efd4-42e1-a1fa-7c488d5ecb40,36d6700a-655f-44d4-a124-381a72659ef1,registered
IkbalLunagariya109@domesticfather.com,WYjNikgqGktY@,Ikbal,Lunagariya,Completehunt,3b194c1f-e003-47cd-a710-16f2bfaccd07,7f310149-a4fb-46be-a2cf-e29a87d4c005,registered
HiteshDudhagara5@domesticfather.com,KxdKmedVCFLa@,Hitesh,Dudhagara,Xlink,15eeb808-d0ae-429c-81a1-585050199842,1cd597d9-0705-462d-8c04-33abc5787d42,registered
WriddhishSavaliya114@domesticfather.com,BycIxZLLtaNC@,Wriddhish,Savaliya,Flowlink,a9ea0b97-6d3c-46ec-aa1a-2c230b7502f2,04161d76-2de8-4a06-a0b6-6aadb4fb3766,registered
UpkaarKunjadiya82@domesticfather.com,hdzxagoORiEk@,Upkaar,Kunjadiya,Globedrive,83cea3da-0608-4e8a-b439-ce8a3f7a37c6,ab544bed-c3c6-4706-a9e4-2a05d6a0dcbd,registered
BaljiwanButani59@domesticfather.com,OyAkyqzubntc@,Baljiwan,Butani,Prismdrive,f629af02-50ca-4f75-bd8d-1aa2613b6342,3ad457a2-1442-493d-8efb-18585b2dc634,registered
ChatreshNandaniya44@domesticfather.com,kMgZZVKeyjsY@,Chatresh,Nandaniya,Syndicatehunt,77f91a56-f91a-49b8-a21b-2c375c7b4630,9927bd31-addc-4d97-a33a-cf92be771b9e,registered
FarisRupapara34@domesticfather.com,lKuIKRgBsjQI@,Faris,Rupapara,Trafficworld,f2d4ecd0-de5c-4e1f-82e6-0567d3ea013e,e7a659db-bb4e-47ca-ba69-bd4223f1ef04,registered
RaghavPaghdar29@domesticfather.com,uUDquQcwkFhy@,Raghav,Paghdar,Adohunt,523683f4-8901-48a8-9db1-39e8b797e9cc,fddaad23-2b74-446d-b3b8-1c7d8ea02ceb,registered
GuneetSabalpara6@domesticfather.com,QIwfdORLsJHK@,Guneet,Sabalpara,Dashhunt,f4f05e7d-4b66-41f7-a62e-1f545f6b0616,c163f9b7-d595-43ad-9f71-9f1703efe32d,registered
QabilGarsondiya93@domesticfather.com,zKOiREwVcLMt@,Qabil,Garsondiya,Uniteexim,4c72bdc0-fd48-4dfe-b873-4b2f897ae251,4e9aa9c1-f1a8-4f39-9f4d-db7fe78da7f5,registered
GunbirVisavaliya8@domesticfather.com,UunrDfUFslWP@,Gunbir,Visavaliya,Xlink,a06da84a-bc58-4c64-aead-1787faa86706,e8e8d4bf-d3ac-40f5-9057-3d4d8526a3a2,registered
ManbirSakariya118@domesticfather.com,eCsrwbjpZaDa@,Manbir,Sakariya,Oozedrive,003a10de-5f78-4e06-85f4-295ee777a3bf,4952710b-ba6e-453b-abaf-ea6d57ba2dbc,registered
ArinAjani9@domesticfather.com,bFRzCuQxhnZA@,Arin,Ajani,Thrivelink,30ca23de-a900-49c2-80c5-5f65ae18703b,a34545c2-2838-4f12-a8be-cb8ae51e9651,registered
SaiGothadiya107@domesticfather.com,BzAPdpmTKwqV@,Sai,Gothadiya,Originhunt,dec96d50-23b8-4b11-9fd6-2ef1eda248a2,4c6fd22b-68e7-4996-91df-28c690ac1e04,registered
WrideshBarvadiya59@domesticfather.com,pzPxYPDBwfec@,Wridesh,Barvadiya,Determinedlink,eacb2ef3-039a-4dbd-b4b2-e3e6ac5ca0ce,654f1fdd-c01c-462b-be0d-24f22f1ae5aa,registered
AdvaithChothani97@domesticfather.com,ggJmDsxyKigI@,Advaith,Chothani,Authorityhunt,5a82abb7-40ee-45b1-b93a-9a8b15251610,cca51ed3-368c-4fa5-b84b-c8e193145056,registered
AnirudhPaladiya66@domesticfather.com,BiORITjNxJJF@,Anirudh,Paladiya,Thrivehunt,6f64c0f4-6d54-41fe-9c7e-fdf6ace8f77d,075c96e4-f392-4d23-846d-7812ff66237b,registered
ArjunHirani23@domesticfather.com,nmcxjfQZILpf@,Arjun,Hirani,Iocafe,89fea8aa-be18-4c69-936c-c290186963b6,aa9945ed-daff-45a5-a06c-ed266e706ba6,registered
GunbirMangroliya105@domesticfather.com,EMnzqEjuwkwo@,Gunbir,Mangroliya,Spreaddrive,bd22cd4e-5f7a-4bc3-94f9-2cebd5900eee,997115b1-e8f7-40cf-bca5-caeb56a65921,registered
VeerChabhadiya15@domesticfather.com,eNloizdCruzT@,Veer,Chabhadiya,Queworld,7160057a-dfa2-40dc-b802-375f8dab3121,a6f3ef68-9d8c-412a-9fd8-0e9f78111e3b,registered
UdantRafaliya15@domesticfather.com,TDffJMjkYFvM@,Udant,Rafaliya,Operatecafe,016b5e74-c2aa-4108-8660-74dd75fca820,f8731da9-d9b7-41ed-b853-b112df5a2699,registered
AbeerKhakhariya24@domesticfather.com,JXEwjiBlykuv@,Abeer,Khakhariya,Performancehunt,836430c8-59e2-4235-b8f3-fe9f67a5b2ce,c509df86-2b9e-47de-a127-ddb564399622,registered
AnshHalai57@domesticfather.com,hAFrBRjXsyXp@,Ansh,Halai,Nestlink,4d6ef393-ffd1-4813-9a9f-718695912ab9,0f42f6ba-0e14-475b-a627-760e1887d93a,registered
RushilPatoliya69@domesticfather.com,CQqXDErIDUVg@,Rushil,Patoliya,Fuseexim,9563ea2f-cf5d-4597-8e55-02871cf4fba3,2385961a-f35c-4dea-b8de-f6baf265f14a,registered
ArnavRamani66@domesticfather.com,xFOKIfJtMMbn@,Arnav,Ramani,Drivehunt,72a9dc0c-e09c-495f-891a-f5213f01115f,398309f5-78a0-4f36-b0d6-4c57fcaedc55,registered
SamarSonani87@domesticfather.com,pOZBiuMoeLBI@,Samar,Sonani,Spirehunt,28b4b7c5-6d02-4669-bbbc-e5038488e963,aefad393-cb93-4e3e-b196-9bde3219894e,registered
JeetVanpariya112@domesticfather.com,UuJXRlFBeMkP@,Jeet,Vanpariya,Botlink,30fc43ce-9b42-4e28-886b-3260c516bc10,a0849f1d-7033-4b85-8444-56de95281336,registered
OmMendpara105@domesticfather.com,tLygsvzJFLAw@,Om,Mendpara,Agitatorlink,776de859-7736-403b-a825-47ff42bcc821,7cb89157-5c42-4119-b9b2-763c03cde2ab,registered
KaranDevani11@domesticfather.com,MdRkEZgZrfYu@,Karan,Devani,Sendcafe,db3f6902-595e-4fca-b4f1-736658140502,5c08e21d-0742-4f4b-8aa0-b1813a1043b8,registered
IshwarBabiya78@domesticfather.com,duMNTMOgnLuy@,Ishwar,Babiya,Smashcafe,e2cb50e5-270a-482a-9c49-71cc80aa077c,3e11847c-0df0-426d-84df-6aeee16a81de,registered
RehaannewDangariya120@domesticfather.com,ARUQtuTMKWFi@,Rehaannew,Dangariya,Magneticlink,6c6534ab-4eab-4661-8616-5522cbe3ab48,5baae504-7d47-4592-be7e-5049fd850674,registered
FarisKalsariya104@domesticfather.com,dhbWbnZCqUmQ@,Faris,Kalsariya,Agitatorworld,cb943017-7971-48eb-b220-e33864425b3d,17d62a20-da40-45fa-b0b1-41d4af5d766c,registered
ChandreshMansara29@domesticfather.com,qoUTYPIDCUHg@,Chandresh,Mansara,Arrangeexim,b2fc8c0a-da69-404a-bc69-72534c2aeb63,597b2136-c144-46bc-93e2-c547074c5d7e,registered
BahadurjitTejani44@domesticfather.com,StjHexewOdjj@,Bahadurjit,Tejani,Rocketlink,76485330-ace0-4512-b5b3-e5ab49b669e8,442a442f-8b2f-4cd4-9dd1-350384436b92,registered
GaurangTanti85@domesticfather.com,dzdoFqJZyssJ@,Gaurang,Tanti,Fluentworld,8994b14a-4b98-43b9-aef7-ae4aa9d40fe3,ab74e415-f989-4e3e-b925-62622c37d362,registered
YugAntala17@domesticfather.com,JQfNzkYPqUNV@,Yug,Antala,Blueoceandrive,bdb96466-2be2-4e71-96b0-68d4b222ac6b,cde7f01d-5827-4865-8a20-f7d7914bfba3,registered
RudranewMathukiya2@domesticfather.com,nGIqWDlDQVuL@,Rudranew,Mathukiya,Connectdrive,cfa1e9e4-f88d-44f0-89e3-bbb1daa45cb9,1c04b4d3-d77b-496a-9851-a2919a07b734,registered
IshwarManiya7@domesticfather.com,HwbJPYRVGDOu@,Ishwar,Maniya,Adodrive,02a21e7b-13d0-47e7-9e3c-ef64ffde849d,c196602c-43e7-40e1-9034-c774ce766e2a,registered
ShauryaJivani116@domesticfather.com,MbkDakCGrzdS@,Shaurya,Jivani,Pulsehunt,adbf932f-aa38-468e-9cc4-f8bb5757d33d,1314eb84-bee8-4028-818c-3210d9959eb6,registered
ZayyanTarapara83@domesticfather.com,GlpImNcgXMhj@,Zayyan,Tarapara,Plandrive,53de259a-a53c-4eff-ae44-17863dfd12cf,282b9b38-d1a7-4d9b-9567-87749e1e86a0,registered
MiteshParakhiya100@domesticfather.com,qHLrLOKkDYpm@,Mitesh,Parakhiya,Testedworld,09ce58dc-43d5-477e-b9e4-208201f61120,d4ef00c1-ec58-4458-ad92-ac32c2ec9d69,registered
TanishDungarani32@domesticfather.com,hNRHryAwrMvq@,Tanish,Dungarani,Valuecafe,efd68d26-8c92-4fc9-81a2-8b8765123c63,12a2c029-def2-4d2b-8b1d-2ad83892d8ed,registered
ShauryaSonani36@domesticfather.com,ZdVxfLmuUZMc@,Shaurya,Sonani,Thinkhunt,212a6288-cff3-4cc5-9cdd-e545d237fd69,0f614205-eba3-4d4d-ad36-58d2e9a53044,registered
FarisChikhaliya79@domesticfather.com,YIpQeGPngTDh@,Faris,Chikhaliya,Immenseexim,5fa32da4-39d2-4d28-8124-2b8531283319,5c650b6c-48a3-4c75-a5f7-1da7ff7f7c1b,registered
ArjunKakadiya96@domesticfather.com,BJZoGTqzBMKf@,Arjun,Kakadiya,Pursuedrive,9559d440-2610-4630-8c23-ce3b9c8db7cf,30b6b95f-1e35-439a-8c25-61d532d5786b,registered
TeerthJangvadiya76@domesticfather.com,WMuLsQErQPbO@,Teerth,Jangvadiya,Bastioncafe,f3a73df0-6c07-4ebb-9cb4-31da7a969cd6,cf4b5f7a-620b-4621-ba63-359f6aa19f64,registered
NakulBhalara66@domesticfather.com,KKsMHTLICkGn@,Nakul,Bhalara,Boundcafe,f1305482-e1ea-488e-8553-532cd2b3a194,d3f6677c-9ba5-44f7-8abf-53ab092e4661,registered
MiteshAmin69@domesticfather.com,tPokivkLPVYJ@,Mitesh,Amin,Bastionhunt,2e0c2550-a7e4-4ddf-bcc1-65b476c037aa,a12e7648-5f35-4d70-ab7c-bc6abbc14842,registered
AdityaRajani88@domesticfather.com,QXwOQGvMLhNS@,Aditya,Rajani,Planhunt,1750804b-b37e-402f-8da7-d71331715b97,96593829-9104-470d-8a62-6859b26bbe19,registered
HemangTrapasiya42@domesticfather.com,AmIEohnPSCEm@,Hemang,Trapasiya,Oramalink,81cead27-9d77-4ef1-b971-6eaf74b1df71,8999432a-f866-4a0c-bb09-1aec4c8f74a2,registered
KabirBhuva8@domesticfather.com,fWWlVpdoXdZn@,Kabir,Bhuva,Nexusworld,4e61db20-b05a-45d3-8569-e37b008470cd,e25699b4-8e65-414e-9177-00139e464fdc,registered
ChanakyaJasani64@domesticfather.com,QvwQyfwIcPRB@,Chanakya,Jasani,Advantagedrive,3eedc18d-505f-488b-9932-c2911175c8a1,44c424a4-27f1-4605-bad1-380967e2d62a,registered
ZayanBhanderi11@domesticfather.com,yaNmrbtOYEFN@,Zayan,Bhanderi,Spreaddrive,2ba1542a-2d5a-4bc4-9aaa-8a523e403924,9e1f568a-f944-422a-8735-dd7c3c2698c7,registered
ZaidSatasiya63@domesticfather.com,QodKMBSWCkVb@,Zaid,Satasiya,Spreaddrive,6d45dc43-b3a5-4548-bb5d-fce5bd8660a9,5f46ed1a-eab3-4e3e-8973-0c12f84eb622,registered
ChatreshShekhda19@domesticfather.com,vDApUknjgdsc@,Chatresh,Shekhda,Signaldrive,1e099eca-5a27-4fbf-a5cb-ca38be00b6d5,55fdbf94-4622-4322-96cb-5ef9c650a9de,registered
SaiGarsondiya59@domesticfather.com,oxudxxdGqXgk@,Sai,Garsondiya,Agitatorcafe,054304a8-75fe-455a-8940-e126cf2ad159,af665ccf-bc28-4e7e-a2a9-bbea7e157cca,registered
ReyanshBodar59@domesticfather.com,DbYpAAgdatFS@,Reyansh,Bodar,Motivateexim,57e25a35-edc9-49f7-a3c4-2eae0835dd20,219aa8c7-e799-4789-bb42-383d7712e889,registered
ImaranNariya23@domesticfather.com,VHHtMUxeWoiV@,Imaran,Nariya,Spreadcafe,ab42d02e-f160-44ea-bd7f-37266a57f413,157ad939-933e-43f0-a56f-30714a88d830,registered
DevNagani86@domesticfather.com,WTnjtfnOsENN@,Dev,Nagani,Meshworld,ee8354ab-734e-414f-80db-48e1ccf249a7,b58cc8f0-a9aa-461b-b707-41e79437d921,registered
BrijeshKhatra28@domesticfather.com,fwhJrzcqFiSL@,Brijesh,Khatra,Immersiveexim,6c212ff9-3983-421a-a346-8ee194f05358,07603e73-1481-4dba-b72e-020f1426d5ee,registered
YatanFaldu38@domesticfather.com,SyHJqGUVyyhk@,Yatan,Faldu,Headwaydrive,464adf84-d755-46b7-b8f7-e8c7e4b1130f,6b97935f-ee98-49f7-976c-49b550e6be7c,registered
GuneetLila110@domesticfather.com,gtupYzsneHVx@,Guneet,Lila,Motivatedrive,efab54d7-3091-481e-8f31-dcda0728bf30,97562caa-e955-4c2d-b321-cec3cf5c5c5e,registered
AtharvChhayani.70@domesticfather.com,liVgsisqzrxp@,Atharv,Chhayani.,Oozedrive,c6e19016-731f-4e9a-b35b-6691d53e2b5a,fd265db0-4dbb-4e81-ac0b-d2c219980b89,registered
DevDamasiya66@domesticfather.com,HsiCRIHxaVVl@,Dev,Damasiya,Onuslink,a8c61935-f622-4fce-9637-9e11ba97f984,a97ce7da-7285-4e71-a81b-154e2b0e05c1,registered
GauravKabariya0@domesticfather.com,OROePHCyGZJW@,Gaurav,Kabariya,Lycafe,68928842-37fb-44b7-931f-586af6625e80,c69a91ae-4f83-4e60-aa80-98dfe455eb50,registered
DalbirKerai75@domesticfather.com,fwDWYeLlAgoo@,Dalbir,Kerai,Powerhouseworld,acf3093c-68b0-4b0f-9ef5-5d0103f8950a,174bc4a8-50a5-4025-8e84-e7f3c7e911d4,registered
ArjunVachhani40@domesticfather.com,HmoZWIFgFcTN@,Arjun,Vachhani,Huntworld,e859e371-6d90-4910-829e-5d5a0729b9a2,fb67a403-2d4e-4d36-96fd-0b8953248c13,registered
RishiLila36@domesticfather.com,FhclJUNSXyXz@,Rishi,Lila,Operatecafe,05cb2f4c-38e3-4ed7-b957-229de1b75b24,80080b64-beed-467e-97bc-835f396955e4,registered
JairajDudhatra24@domesticfather.com,SMFCKanaKTxZ@,Jairaj,Dudhatra,Loopdrive,131b3459-7dd2-4c1f-a62b-97689f0c65d2,d11375db-177f-4c89-b5f4-2d0c4f804ea6,registered
SamarBhudiya111@domesticfather.com,gThRoXADphQc@,Samar,Bhudiya,Relevantworld,431f6379-c083-4745-8de6-83dd4f1fcebd,f6cd2e08-c925-4e38-b29d-19f63a2cdff9,registered
RachitRamani39@domesticfather.com,DKaSaEqQKnwg@,Rachit,Ramani,Qualifiedhunt,44750c9a-4055-4a77-84ce-b4d457299f77,b9883495-5a4a-4e45-93e8-5b7bcef41d49,registered
GirindraKhakhariya87@domesticfather.com,ADHZaYrGhLkd@,Girindra,Khakhariya,Besworld,7664317e-1bba-45b2-877a-cd9f80bd4b15,0d32ed8f-b37c-43e9-b58c-52ab5f99d4ae,registered
AbdulChovatiya60@domesticfather.com,rImsdTHjNtNY@,Abdul,Chovatiya,Zoidhunt,9c63f7ed-3deb-4ae0-924f-cf2b4a5384f9,5bfb31ea-ae71-47c2-8f72-60415d708b7b,registered
MohammedChabhadiya56@domesticfather.com,kbgeNHmbYsww@,Mohammed,Chabhadiya,Signalworld,213b82ad-a9a2-4deb-9b3d-7e7bf46e891b,5935c154-485c-4f03-92ad-81da43d99a8e,registered
DhruvBhayani74@domesticfather.com,AeMSJwvaVFpI@,Dhruv,Bhayani,Spireworld,9b21136e-7ae4-43f1-be4d-b87fc0c15eba,400c41f3-c38a-4ce6-9dc8-d78e73b5da4e,registered
GautamKoladiya110@domesticfather.com,gPzfyMNRuatw@,Gautam,Koladiya,Thrivedrive,b8758408-b361-4eed-bf3b-799720028a42,9f2fe968-cc2a-4a87-bb51-f6d7028f1eeb,registered
HardikPoshiya62@domesticfather.com,zQEufjxjRnNH@,Hardik,Poshiya,Domaindrive,b90c9827-249c-4d3f-a6a4-1dd5a59f5a8c,7bbd5659-8493-4325-8183-0f6547b1e453,registered
AnmolFaldu74@domesticfather.com,qDrnMtOzMQUj@,Anmol,Faldu,Thinkworld,865ae27b-0724-4656-9d3b-16c9398c0350,37a57769-7937-4a57-acb7-a757811524eb,registered
RohanShingala105@domesticfather.com,MOnQWmhWFlHK@,Rohan,Shingala,Advancelink,2060087f-e841-4207-bfaa-05cbfec3ab24,dcd0133c-e9af-4585-85ad-9be72e964827,registered
DalbirVadi112@domesticfather.com,YCIYSMcqqXVF@,Dalbir,Vadi,Nativeexim,34e1bd7e-3c8d-49f0-a1d2-f4a231d3af16,8300566d-a151-4622-b356-1dbc1e75fda3,registered
ChaturaKhichadiya59@domesticfather.com,kALosHLawwzt@,Chatura,Khichadiya,Sterdrive,8421d196-9ad6-43ab-a0f2-d7ad1db8a38c,745f30ac-356a-450c-8e3d-4a785a3e92fe,registered
ZayanBaldha22@domesticfather.com,ZdbPgarmyvyS@,Zayan,Baldha,Strategicdrive,301f0d0c-ad5c-49cf-ae0f-e991135769d6,287a2158-cb80-40cc-b20f-5ed932009fa7,registered
VirajKhetani121@domesticfather.com,TBkPZjpMbxiA@,Viraj,Khetani,Headwaylink,e5ce59c4-a407-455b-92bc-d5d9267f9f9c,06099e25-17dd-4aa4-bc08-3bec38d175c8,registered
AarnavGarsondiya92@domesticfather.com,VifcpwNCdIiB@,Aarnav,Garsondiya,Associationcafe,c5662b43-3642-41ed-b760-d8b35b7ee7d7,0bbd3898-f8e0-4a95-9eb6-e9144e5b6aa5,registered
ZaidShekhda69@domesticfather.com,mYiscMAdBwir@,Zaid,Shekhda,Growthworld,9fb577ce-e475-4ec0-93b0-ccf97bc69edd,bbc1715c-6ae3-4540-8162-24f9b74bd421,registered
GauravKabra31@domesticfather.com,ZKmuwkPqkUcU@,Gaurav,Kabra,Cornerstoneexim,6034df20-9100-4a9f-8a59-9b54edf98f40,2bc643f1-9e47-4b79-81d3-4d71157c2082,registered
AkshaySangani72@domesticfather.com,TiDlwFLIlXyx@,Akshay,Sangani,Relevantworld,8c48ed6a-e6f2-4db5-afa0-9e45d99e53f7,afa623cf-b1e3-473b-b29f-0c41dbc36662,registered
GaurangGadhethariya56@domesticfather.com,KwXNVWKbMURi@,Gaurang,Gadhethariya,Decidedrive,3e629b55-f27b-4d7f-86b7-32298a14fc8e,77b8bad6-f7e0-4fef-8075-a66f4654e078,registered
AbeerShyani105@domesticfather.com,RGxrGUVsfCQP@,Abeer,Shyani,Growthlink,a19e2196-5551-40b7-b9bb-be74178abac9,67784c83-3947-4e8c-b0d2-327e08873299,registered
GunbirRudani41@domesticfather.com,VbeubuXXidzy@,Gunbir,Rudani,Signalhunt,71025110-a64e-4e4c-bf5a-0ae88a375f94,eec67be0-4694-41b5-a6ad-089f6bd0c9d2,registered
WarjasChhayani.98@domesticfather.com,dikTedAPisVJ@,Warjas,Chhayani.,Cornerstoneexim,d32af9c0-eeef-4d58-ab3e-b3ee39859993,d9724ec5-8608-41f3-b341-b9d83698fa16,registered
PranavAndani116@domesticfather.com,IlucUCocPJYx@,Pranav,Andani,Growthlink,0dbe0e34-2a07-4e10-a12d-eff4ea8dccf1,410b76a9-2c24-4b18-8269-00546c9cb0c8,registered
JagdishSenjaliya57@domesticfather.com,PyNylELkedYT@,Jagdish,Senjaliya,Nexushunt,743edf7e-74ba-4a8e-af86-f8cca19330de,a0a2eac5-4bbf-4c12-acdf-11813297542e,registered
AadiKodinariya60@domesticfather.com,biUefAZrrwSW@,Aadi,Kodinariya,Sterworld,4581cf45-cd05-4ab9-84aa-596137fe7f92,d5bbfeb9-787c-4357-bac0-816088368e43,registered
SamakshMavani114@domesticfather.com,fBYrIvByWJGo@,Samaksh,Mavani,Liquiddrive,ca1c8adf-825a-4f80-88ba-8afbb5ef689e,de519c69-5927-4f10-baa3-f6534a3f648f,registered
KalpitShankhavara90@domesticfather.com,SyeFlHoylDCd@,Kalpit,Shankhavara,Postexim,32a7afbe-90a1-4b9d-9f33-a4800acd76c0,7a143e45-dd46-454e-b4c1-03ac33cbbdad,registered
NaveenBharodiya2@domesticfather.com,lVIGEnVqbquU@,Naveen,Bharodiya,Connectexim,312ada27-97c5-4927-a442-13ad8bc2743d,f0ef0230-9345-46b1-adb9-a10545421306,registered
VihaanTarapara57@domesticfather.com,bTyliNLzoTgH@,Vihaan,Tarapara,Yacafe,3af361c6-73a5-4cb6-aa21-bf7f4de9f2e4,709f9506-647a-4bf4-8ec8-ec6ce7548850,registered
SiddharthGajipara23@domesticfather.com,OsWclkvxbThD@,Siddharth,Gajipara,Operatecafe,6453cfab-f7bb-4faa-9f7b-d9ddc87e2a13,8af6fa60-e2e6-455b-b8ae-e44279c3f44b,registered
MaanasBhayani24@domesticfather.com,pMavtDLjepSS@,Maanas,Bhayani,Citadeldrive,008a2c05-ec9c-4557-9774-1b2187059326,09578729-dfd8-4f92-8e73-6a768ec9d402,registered
YugMovaliya16@domesticfather.com,LTafPIChaOSo@,Yug,Movaliya,Enginecafe,eb7f1a12-5221-4d04-9b60-fd319d7e191d,6de4753b-e185-4141-9234-a332dbb7a948,registered
WriddhishHapaliya44@domesticfather.com,aKqLVlFAcwGE@,Wriddhish,Hapaliya,Beshunt,87f52bad-5249-41eb-b04c-fd1e5b708e9e,0a51963c-cf45-4733-bcf9-0eba51dbe2d1,registered
BachittarKorat104@domesticfather.com,mksWaUoGHbKf@,Bachittar,Korat,Morehunt,d37c53bb-da5d-4652-aece-cf1540f2c538,4bd25827-5c6f-4e26-8d06-0597d5bb579b,registered
EkarajKabra14@domesticfather.com,wFTNwzafySAY@,Ekaraj,Kabra,Linklink,bc9267a6-b192-4e23-bfe4-9ddacf8ba6e8,ea48c467-dac1-49c9-b542-6d3296bcb76b,registered
LohitBhayani107@domesticfather.com,ZlIzWXzdiKiT@,Lohit,Bhayani,Prospectexim,6acf6136-fa9f-4a0f-9ee7-122e3d874114,53595ff4-4650-4900-899d-611e1d89e5bd,registered
BanjeetMepani2@domesticfather.com,dDUMuxvXCaPz@,Banjeet,Mepani,Arrowheaddrive,13cb9b8b-1169-4f78-8856-87bdfd211715,f00cbefd-b1da-4240-be0a-4ac431217a2b,registered
JatinGothadiya40@domesticfather.com,qDYkIUPoNHYQ@,Jatin,Gothadiya,Citadelworld,4c77a271-be34-4026-9a38-cd1e9facb420,975adcef-3edb-4aa3-93e8-5628d192e77a,registered
FarajMalaviya(maraviya)12@domesticfather.com,CwdQyqeTuRry@,Faraj,Malaviya(maraviya),Nexusworld,9945ca60-b1ee-4b99-b26b-9e3f31265f03,425243af-28a0-44e9-b4f5-c2c6f5d47675,registered
AnirudhPoshiya14@domesticfather.com,xSmpsIRRdeUz@,Anirudh,Poshiya,Nestcafe,52039cda-3b17-47b8-9201-ef298a031e31,030abf93-6304-4d4b-800a-39c2f9d1950b,registered
JairajLukhi5@domesticfather.com,ZuyxMZpxMCmK@,Jairaj,Lukhi,Cardinalhunt,cc3801d3-91c0-40e3-9029-7820eb4dfc1b,ca6c3d21-505c-4bdb-af36-634441078685,registered
WarjasGondaliya47@domesticfather.com,yZtIdUAVKWTG@,Warjas,Gondaliya,Loopcafe,c2d1c0f6-3fee-4eab-a8be-d6ce7b7e222f,c5dad7cb-8d92-4934-98aa-39194d8d548a,registered
AkshayRupapara93@domesticfather.com,pEUFEKjLQpYG@,Akshay,Rupapara,Expandexim,e1fa5639-f4df-403e-b52e-61716e66ec13,a950db1e-258e-461c-be68-f9c3f1b86a8c,registered
FarasMangroliya22@domesticfather.com,zEYRtseDXUhi@,Faras,Mangroliya,Arcworld,47dd3fc6-6c6f-44c2-b332-e502859dccbc,02508caa-5b34-4f71-b5e6-6384c55c08c8,registered
TarakHapaliya43@domesticfather.com,jlkTpCncZtUG@,Tarak,Hapaliya,Pursueworld,ade30615-39ce-4925-98ae-1e6ce6a53571,6f964fe2-4c18-414e-8ca1-8c90fcf4ebdb,registered
FarasPansara12@domesticfather.com,kMtIsXncwxHY@,Faras,Pansara,Domaindrive,c15d2d38-f612-4ffd-ab01-aeea8ef9867e,dbfac32e-c982-47f7-9c89-37a24e4a47e7,registered
IshwarSavaliya47@domesticfather.com,fLpvtNvrNezw@,Ishwar,Savaliya,Immenseworld,e04745b2-8b39-4717-8f26-c89a96f78030,06d3a9e8-caef-4f20-aa06-6111f7ada439,registered
RohanMarakana0@domesticfather.com,MweKAXAApmAs@,Rohan,Marakana,Sterexim,d8c09f81-900c-449d-b3a5-b1f2ab2422e4,7a913d9b-af37-4c90-ad3a-d7b7a7e3d802,registered
JeetThumbar7@domesticfather.com,UKaZnzYJKSMU@,Jeet,Thumbar,Originexim,b9695296-65e4-47e9-85e2-9e955aa4e034,238288b2-da0c-4067-a6be-0bc8f5317c30,registered
FarajGoyani76@domesticfather.com,juMqHbmKpNbf@,Faraj,Goyani,Progressexim,53e524c7-fc9e-4a96-9dbb-b72b2a17ecf6,51f6b84d-b217-44bc-b66c-face71fea85b,registered
NakulKathiriya118@domesticfather.com,HzPkCaGMRqDu@,Nakul,Kathiriya,Edgehunt,aa5ed47e-1d4e-479e-9350-a1af48e8a166,f3f28ab7-68ff-4f6d-9250-b2dcf28c8979,registered
GunbirVadi22@domesticfather.com,mQgUCprKiTdX@,Gunbir,Vadi,Completehunt,8a5d80ea-0f4a-4b76-9dc6-a78d0bb007b6,30feb8b1-3815-4322-ac9a-89768a719149,registered
AtharvKatba89@domesticfather.com,CEIyLsVZtamP@,Atharv,Katba,Dashexim,7bc9be7f-0c2c-4c69-989c-bff7e1e6a5b3,d9e7f70e-1ae0-4d04-a93d-b31369b922c7,registered
GirishVaghani109@domesticfather.com,sxbgpfjJqYze@,Girish,Vaghani,Originhunt,50bcfb84-80ef-43d0-a43f-f1b6a66cecab,66d952c5-5b91-4129-b4dd-c88a675764d9,registered
QasimBorsadiya71@domesticfather.com,czgLQSlmtlsR@,Qasim,Borsadiya,Queexim,d2d0d55e-ac81-4ad4-87ac-5d67e6d2fea1,48ada254-9689-4e94-b7ea-f7dfd161ce8c,registered
JagdishNakrani5@domesticfather.com,lNdFNqlWKjlj@,Jagdish,Nakrani,Socialcafe,1bcfd3e1-99e5-4b45-ab0c-bd03beeb84b4,8e58356a-5e80-4b8c-bab7-3996f1570220,registered
MiteshSidpara60@domesticfather.com,lSTXAbgiVviz@,Mitesh,Sidpara,Iolink,81d23b3b-3073-4472-a22f-56b0802834c5,f5812152-1c2b-46b7-bded-ed2b7c424223,registered
ImaranDonga55@domesticfather.com,SBFdFbSxPoAL@,Imaran,Donga,Internationalcafe,2d0aa138-d8d1-4802-931e-a23b2ce423d1,07eb6d65-fa1b-45ef-8ba5-5e843c5a15cc,registered
KrishGajera95@domesticfather.com,DjGzRhcAOSSk@,Krish,Gajera,Socialcafe,5cb6f22c-fede-4bf5-b7fa-62cdf15b2980,302cc493-b46b-4b2d-a396-e1d60d1a2659,registered
AnmolSabhaya97@domesticfather.com,sJuKDQHwaZjF@,Anmol,Sabhaya,Infinitedrive,4becb2c0-fb5d-4b4a-a1bb-a9bbc66aff5a,aefdf865-9f5e-4bea-9d24-d93958f9525d,registered
BalendraJiyani34@domesticfather.com,YpUyBMXWqFah@,Balendra,Jiyani,Chaseexim,fedc90b2-93c1-4f36-9ccf-ae1f067c1e4f,7b5ce79f-8d3c-49f5-ae8e-0fb3df68c8ad,registered
FarasPanseriya68@domesticfather.com,qyZCfliCiWfE@,Faras,Panseriya,Brillantcafe,ef6292c6-9e4e-416f-83b8-39c516e4ac7e,6c1dd3b8-5b2f-4644-9663-173326ffdb79,registered
ZaidShankhavara115@domesticfather.com,yoXkuvobVSgB@,Zaid,Shankhavara,Motivatelink,3d9e95d8-9ba9-4d0c-bdaa-2e8ca9d50137,89e63307-0f2c-4f92-9b6e-6f72e939b73b,registered
LakshayChikhaliya40@domesticfather.com,oXsGovuJwFRH@,Lakshay,Chikhaliya,Advancelink,a24da39b-e96c-4c33-b42d-ddba2a50eb6e,a648e6df-805f-4da2-9f87-a11c901527c7,registered
FarisKunjadiya82@domesticfather.com,wZnOpakPjCuR@,Faris,Kunjadiya,Globelink,6a37b483-29e8-440b-88c3-94f718c28ae6,d44e97c0-e08b-40e7-9237-5617dd05a33f,registered
GopalBagadiya9@domesticfather.com,AmXoyMnuECjP@,Gopal,Bagadiya,Advanceexim,a231a992-c40a-4369-80ac-68a739382986,7d012206-cc3d-4404-8b25-93e321ea3b00,registered
GunbirGami56@domesticfather.com,ENPZFcHeKjiT@,Gunbir,Gami,Syndicatedrive,4e06b7be-2896-4058-b7ce-14a4a3b24b25,5fb22ecb-510b-445d-b518-644957486853,registered
YagneshBambharoliya73@domesticfather.com,sIMDfugacDQc@,Yagnesh,Bambharoliya,Simpledrive,93e46766-89e7-4ebc-8ad0-e04dd466e9cb,f23d944e-13e9-4130-a733-cebf2a4f01d5,registered
FarasGajipara112@domesticfather.com,SveVGpCQYCcI@,Faras,Gajipara,Simpleexim,248913e0-068f-48d0-92f4-8ed785a20e53,bab7d569-e831-41bd-97e7-6cee38f11288,registered
CharanSakhreliya68@domesticfather.com,RCCvepeXyAmZ@,Charan,Sakhreliya,Thrivecafe,d8965ddc-89e1-43be-99f4-17a74f277b33,607e0cb9-93b3-4489-a554-0d09ff6dc7aa,registered
MananMoradiya21@domesticfather.com,JINVONgAORHw@,Manan,Moradiya,Dashlink,7364c6b2-fc34-42e3-b9b2-e33ca1c3c110,fad2c52a-49cb-438e-b200-d7bed3ee2a2b,registered
NaveenGolani4@domesticfather.com,xmBjTceHuLax@,Naveen,Golani,Eaglehunt,0a74d2fe-49bd-4640-9bab-b792fb3e2a71,968eaa0f-a3e4-4402-b2b4-90e368f76597,registered
FitanAmipara35@domesticfather.com,GhtOZAuMPtjU@,Fitan,Amipara,Vioexim,0f54ff78-3a33-4d22-992d-7d90f4c3b89f,ef9c1cde-76d4-42d1-a7bc-43e9650f0d1c,registered
VirajKachhadiya119@domesticfather.com,cdiiWGJHiGec@,Viraj,Kachhadiya,Instadrive,f1be4ddc-c431-4dc1-be9e-ac494f551537,1ffd295d-f2b4-4991-90bf-f58f9833da87,registered
KrishnaGolani24@domesticfather.com,UroUiylFWsQm@,Krishna,Golani,Agitatordrive,ac94544f-065a-4d92-a323-68929377851e,fefe395b-5791-4db2-a8ae-616f3a32537a,registered
AbeerVanpariya116@domesticfather.com,KQnbrhNocJGL@,Abeer,Vanpariya,Operatedrive,f1cb1cd2-93b7-46c2-95ed-1b5b4fc68267,2411006b-f5a5-4e76-9045-47500112069f,registered
AadiGevariya66@domesticfather.com,GtBKUYhffazL@,Aadi,Gevariya,Pursuedrive,b959091d-3f2e-485f-9a7b-0476daa17ba1,a8b8df32-5cb2-4719-a4d6-48534fd66e24,registered
FarajRokad72@domesticfather.com,XbKLbzkkwvno@,Faraj,Rokad,Funnelhunt,edcae443-626a-44db-8b90-5916369ccd6f,639ca921-fdce-4955-9b36-f47a9467a3fa,registered
ReyanshChuvadia.33@domesticfather.com,OzGdPdIpsZli@,Reyansh,Chuvadia.,Adilhunt,0b487603-b9e3-4428-89cd-8ccfcb197ea0,e1c5e0ad-df90-47e3-bb2c-050ddf2bea45,registered
HritikThesiya69@domesticfather.com,HKyPSywthRSb@,Hritik,Thesiya,Globeexim,50883b40-0850-4856-b387-bec6fbaff50c,4bc732bc-60cc-44de-97df-79f35fd99052,registered
LabanSavaliya54@domesticfather.com,JDSiIdJMNqDj@,Laban,Savaliya,Motivatehunt,56c6d7d5-13b6-4d8d-9487-2611e841eee5,5ab4b50c-4b44-4b0a-b9a2-6e24a78a9b50,registered
ZaidKhakhariya65@domesticfather.com,bIvTRIvoDXkB@,Zaid,Khakhariya,Infiniteexim,b33f00c6-b41f-4e9c-8fd0-f6da7ae6955c,da54f983-4981-4d61-99c7-c1fade2fb6fa,registered
AzaanPadsala3@domesticfather.com,kwEGYnZkrNJH@,Azaan,Padsala,Growthdrive,cdbbf32c-d4fa-44f2-86ac-d2cfdabefb81,61f8605c-2c5a-469d-873d-1a8c6b7dc8a5,registered
GirishNagani9@domesticfather.com,QgZqviPBPNWg@,Girish,Nagani,Smashcafe,eaf57961-fba7-4491-bd77-f054d880e469,b34526e9-b503-4bf2-81ab-1a1c46e99c94,registered
GauravRajani120@domesticfather.com,ebbXJghgnZos@,Gaurav,Rajani,Completeworld,d241ff0f-c507-49ba-bdca-d9556eb9b9d9,37cf5088-60bd-4ae9-8b71-51c8a051d5c6,registered
JaiBhalara11@domesticfather.com,kllHWIBGBfAB@,Jai,Bhalara,Fuseworld,bea265bd-6c8f-4ed8-92dd-d6b1729f2792,aa4c69c0-c635-4103-908b-c1e43039ad93,registered
PranavShekhda85@domesticfather.com,iQrraqeBXwOd@,Pranav,Shekhda,Performancelink,490067ae-806c-461f-a801-cd4e7e7fe8b9,f84f2f1f-f0bd-4ca6-9a85-b5f2273859e6,registered
BanjeetChhodavadiya80@domesticfather.com,KDxCYiRwQhcH@,Banjeet,Chhodavadiya,Originexim,ddc9f246-cd43-47f7-82a7-6df6ebe25bbf,3c299614-6452-4008-b092-b8f61ed43a08,registered
ChakradharChimediya65@domesticfather.com,fOkclgXjlszm@,Chakradhar,Chimediya,Forwardhunt,def02017-37bf-431e-bbcb-458e7a06b70b,594be45a-5539-4af2-9e0f-4eaa491aa739,registered
BachittarMemagra84@domesticfather.com,cTqfimrPavRO@,Bachittar,Memagra,Bounddrive,99f3b974-f411-43a5-aa9a-299703971fcd,03ee042f-0f6a-4ca3-8774-fe3f16d621d0,registered
OrinderDholakiya113@domesticfather.com,bHOalZCYpcyx@,Orinder,Dholakiya,Intellectdrive,5b4887c2-bbaf-4594-ad05-4ac9d2de2844,8a4f3192-5e75-482b-9d64-9a75c967e8a4,registered
BalvanSabalpara16@domesticfather.com,mdaAQfyPDziX@,Balvan,Sabalpara,Cornerstonedrive,29768cfb-e228-408e-8f7d-0ce65c78f96d,07c21b8a-c8d2-4342-bec8-e1831527edc5,registered
RanbirVanpariya39@domesticfather.com,AnptkdVSnZQY@,Ranbir,Vanpariya,Motivateworld,b3a04d5f-61d7-4ba5-b35f-e8302f135d17,fc84b211-26de-4ccd-a310-4756929607ee,registered
AbeerBhayani73@domesticfather.com,ITMRrrqsmQoo@,Abeer,Bhayani,Wiredworld,b50aa21f-decb-4bbf-b8bb-8d7e5c61ab9a,87405e7b-1160-4f4b-9ff2-2bb32527f8a6,registered
VihaanZalavadiya.66@domesticfather.com,ieopSWVkyiFM@,Vihaan,Zalavadiya.,Expandcafe,1bae9bf0-652b-4fad-8151-17185d7047c1,9733ad51-7bb9-4cab-ba0e-bdc266dc009d,registered
KabirHala36@domesticfather.com,QvqFOoTecyIO@,Kabir,Hala,Edgecafe,e4d44109-5637-43d0-bb98-3e3ed93b2012,8f9b1235-b9b9-42ce-9ce9-602c434966fa,registered
GaganSonani69@domesticfather.com,cfIeWAZjLSQg@,Gagan,Sonani,Proofexim,ddec9078-2984-46bc-93e6-26e2a41c4c56,7d13239e-875d-4748-800f-64fc621172f7,registered
UtkarshKhakhariya114@domesticfather.com,uEZGSIjZWegM@,Utkarsh,Khakhariya,Yaexim,5ea6a9ce-1347-430a-a54b-7d12b91ab29f,784d8e6b-b21b-493f-95c9-0468279e345a,registered
GautamSavaliya30@domesticfather.com,uzFEFlNBNnya@,Gautam,Savaliya,Intellink,8d56ae37-6ac7-4caa-a126-41ec1c54fa59,dadf0d33-e30e-42fc-ad54-423245f9a47e,registered
AtharvPethani119@domesticfather.com,tcWcqCTKYpOq@,Atharv,Pethani,Valuedrive,3324fdee-3f50-4076-848b-9b8ae5ef7cdd,946c4aa8-215a-4e44-b2b4-bc31b330d4a9,registered
ParthGundaliya76@domesticfather.com,DhWDqeqxHxEd@,Parth,Gundaliya,Intuitioncafe,c4325b32-fbf5-4507-931e-04f7d5d6d340,0fa1e215-bd3e-4dda-9389-c14c3aa3c47c,registered
NakulSidpara100@domesticfather.com,QImeKAYvBBQV@,Nakul,Sidpara,Flowhunt,7b20e7b4-1073-4744-b5e6-9a1338575da1,edd46052-cd46-4569-8f40-e8370678ddfc,registered
FarasSuvagiya45@domesticfather.com,GZaaUYmUaqFJ@,Faras,Suvagiya,Eaglecafe,1dba32be-833e-4c18-a26a-cd71180a239d,06a2b25c-609a-4f4e-be8e-60910e944f38,registered
EkavirKasvala46@domesticfather.com,fvwkTYDrOqes@,Ekavir,Kasvala,Thinkcafe,a9cce779-ddab-4aa4-9811-b365d55e538e,0d8fdc24-c58d-43a0-ae6a-2c5e978c2715,registered
ManthanKathrotiya47@domesticfather.com,rVGXjYFACPOx@,Manthan,Kathrotiya,Masseshunt,a0a92efb-ea8f-47a2-9e6f-90030e784ff8,a09ebed8-5903-4c3d-90ac-2228a2f4f5a2,registered
HarishKabariya101@domesticfather.com,hIEaUKXcXvXb@,Harish,Kabariya,Tasticlink,fece54a7-3045-4d14-9eed-5d4585f0095a,561853da-8768-408d-93be-7a4f44e9b4ba,registered
BakhshiJogani94@domesticfather.com,GsELZqBEUJCf@,Bakhshi,Jogani,Domainexim,c0accc5a-f7ce-4ff9-9ae3-dbbcb324a11e,9a2cfd44-01e8-4887-8e0f-a6a30dafd530,registered
SamarthKalsariya95@domesticfather.com,vcvxYpPqzFQQ@,Samarth,Kalsariya,Chasedrive,92e624dc-429c-439c-bbc6-cdc75ae98691,393cbe48-2d46-4b03-815c-40e0712199d3,registered
ViaannewPanchani74@domesticfather.com,tgiLZXbKTLgC@,Viaannew,Panchani,Bastionhunt,5fa871fb-fe5f-4cc1-a76e-dda4f5a58dbf,16570167-669f-4994-af16-0de75caa9ad7,registered
VedantRadadiya114@domesticfather.com,aFVdXoeIhWWb@,Vedant,Radadiya,Moredrive,e3a4dede-6951-4a8b-93bf-0a5aeffdff6c,954422aa-835c-42ea-843c-8c2879bcf04c,registered
YuvrajMulani60@domesticfather.com,aSMQlROldUWF@,Yuvraj,Mulani,Liquidworld,374d4b30-5e0b-40be-bc93-d848a20fed9e,3cb1604d-b0f1-4b1c-9161-8cf961b85f29,registered
VirajBhingradiya110@domesticfather.com,vWSMeRAGZLLV@,Viraj,Bhingradiya,Motivatehunt,66433a4e-1a93-4220-8044-0f19f305375f,dfcf453d-14a3-4b3b-b101-e0d768d70692,registered
DevanshPipaliya10@domesticfather.com,nyARfNmtQeIu@,Devansh,Pipaliya,Associationhunt,159aade0-3fc3-4e13-b14d-259932f2f481,fa0a96e9-00b1-4dfb-931c-a9f2ba6bccb3,registered
