AnirudhBorsadiya91@keepjpg.com,MfMCEXbagfjc@,Anirudh,Borsadiya,Magnetworld,login
AarnavMulani22@keepjpg.com,aiXvGvvoGYZs@,Aarnav,Mulani,Fluenthunt,login
OnveerAjani25@keepjpg.com,PhpoTVqgGjtV@,Onveer,Ajani,Reactorlink,login
AyushDabasiya59@keepjpg.com,feJnBiKVmNqJ@,Ayush,Dabasiya,Strategicworld,login
ArjunKanani69@keepjpg.com,vqjSKCFAWcBS@,Arjun,Kanani,Linklink,login
BaljiwanThesiya45@keepjpg.com,omGYMnaVjtZT@,Baljiwan,Thesiya,Quedrive,login
BrijeshDobariya91@keepjpg.com,CEmMngHXUVKy@,Brijesh,Dobariya,Viodrive,login
KrishnaMulani103@keepjpg.com,NCRHeRaWUlxt@,Krishna,Mulani,Operateexim,login
TejasKyada111@keepjpg.com,KixUXgeupoht@,Tejas,Kyada,Brillantexim,login
RachitRupareliya85@keepjpg.com,SvaVkzrADrKG@,Rachit,Rupareliya,Thinkcafe,login
YatanLunagariya55@keepjpg.com,OpqeRWYFBEpM@,Yatan,Lunagariya,Trafficdrive,login
AayushMendpara117@keepjpg.com,NyJDoKpCLysy@,Aayush,Mendpara,Xhunt,login
AmolKhakhariya107@keepjpg.com,jFUIGOsKHiDD@,Amol,Khakhariya,Directdrive,login
BalhaarMorad68@keepjpg.com,XAvxNbcxGXfh@,Balhaar,Morad,Decisiondrive,login
LakshChovatiya36@keepjpg.com,gycytzsbNUce@,Laksh,Chovatiya,Cityhunt,login
TanveerSuvagiya24@keepjpg.com,zQdYgQXhJpXD@,Tanveer,Suvagiya,Completedrive,login
RonithSidpara82@keepjpg.com,gKiIqVaHkZxi@,Ronith,Sidpara,Fusecafe,login
JasonAmreliya46@keepjpg.com,dMCPyuqFBfTH@,Jason,Amreliya,Iocafe,login
VivaanGolani99@keepjpg.com,nSpbWqBijJVm@,Vivaan,Golani,Botdrive,login
DalbirPonkiya63@keepjpg.com,amLWmASLjLGZ@,Dalbir,Ponkiya,Intellectlink,login
JaiGothaliya79@keepjpg.com,awbLdTWndHuZ@,Jai,Gothaliya,Chasehunt,login
JaiKotadiya76@keepjpg.com,dSwERmeKjjvI@,Jai,Kotadiya,Agitatorhunt,login
JasonBabariya17@keepjpg.com,rDzuemEVzIMY@,Jason,Babariya,Zoidworld,login
ArjunVarsani83@keepjpg.com,ILNxXfoqiJtc@,Arjun,Varsani,Intelhunt,login
IkbalKasvala88@keepjpg.com,tuKOrqiIhTOH@,Ikbal,Kasvala,Relevantexim,login
ZehaanBhut120@keepjpg.com,jfLZVncvWGoS@,Zehaan,Bhut,Adilexim,login
GauravLila29@keepjpg.com,zHtuIWmWuydK@,Gaurav,Lila,Authoritylink,login
FarasPanseriya79@keepjpg.com,XmTXcnTVxWHi@,Faras,Panseriya,Plandrive,login
AbhiramnewJajadiya57@keepjpg.com,bJCflNMnRfub@,Abhiramnew,Jajadiya,Spireworld,login
AdvikHalai57@keepjpg.com,FFhvrPEmiHIx@,Advik,Halai,Flowhunt,login
RehaannewChothani115@keepjpg.com,ZAmDUFXZNViU@,Rehaannew,Chothani,Besdrive,login
DalbirRangani50@keepjpg.com,zVzQTIuQAElM@,Dalbir,Rangani,Enterprisehunt,login
AdityaVasani27@keepjpg.com,FRAimbmBXEVN@,Aditya,Vasani,Powerhousedrive,login
ArjunKumbhani93@keepjpg.com,VIzXURwMZCJm@,Arjun,Kumbhani,Bastionexim,login
TejasGadhethariya85@keepjpg.com,CmTiVGsqJYAM@,Tejas,Gadhethariya,Spreaddrive,login
NaveenRank40@keepjpg.com,gidznzSyAfoq@,Naveen,Rank,Engineworld,login
LakshitManiya69@keepjpg.com,qUugvudXrZQK@,Lakshit,Maniya,Scapeexim,login
SamakshSatani56@keepjpg.com,FxXmQWjXKdsx@,Samaksh,Satani,Magnetexim,login
AbdulThumar70@keepjpg.com,AGEQynjryRtC@,Abdul,Thumar,Operatecafe,login
IsaacUndhad100@keepjpg.com,vtFynOxGsWgN@,Isaac,Undhad,Growthexim,login
HiteshGorasiya35@keepjpg.com,lZnKbQlcQqHW@,Hitesh,Gorasiya,Thinkcafe,login
BalvanPadariya84@keepjpg.com,DIqsWAekgbSZ@,Balvan,Padariya,Visionlink,login
RonithJagani118@keepjpg.com,fKrXzQhzQNGb@,Ronith,Jagani,Infinitelink,login
GirikBandhaniya46@keepjpg.com,ufEiVqrgAPFi@,Girik,Bandhaniya,Bastiondrive,login
GauravKasvala1@keepjpg.com,bQQTavtNzIEI@,Gaurav,Kasvala,Infiniteexim,login
EkbalDudhatra78@keepjpg.com,bUMKaDRSKEAR@,Ekbal,Dudhatra,Metricslink,login
AdvikPaneliya56@keepjpg.com,uRRhiqKZFOIC@,Advik,Paneliya,Progressexim,login
EkanshParakhiya99@keepjpg.com,nNqjBhIJHguU@,Ekansh,Parakhiya,Growdrive,login
QarinKathrotiya59@keepjpg.com,arkefpBchYHL@,Qarin,Kathrotiya,Instaexim,login
YugKalsariya21@keepjpg.com,exepAeNUTAPZ@,Yug,Kalsariya,Pitchcafe,login
NakulMadhapariya109@keepjpg.com,IjbKZXTgyFEh@,Nakul,Madhapariya,Globecafe,login
JaiTogadiya11@keepjpg.com,IgJBdRLjmtat@,Jai,Togadiya,Magneticworld,login
ChatreshThumar4@keepjpg.com,gmJZkpKoIDtH@,Chatresh,Thumar,Decidedrive,login
DakshSatani121@keepjpg.com,CwmVShjtURWd@,Daksh,Satani,Enginecafe,login
RanveerTogadiya78@keepjpg.com,jjkCpRzBGujy@,Ranveer,Togadiya,Progresshunt,login
TanveerSavaliya68@keepjpg.com,oQVgMqfLHtjg@,Tanveer,Savaliya,Simpleexim,login
AyaanButani2@keepjpg.com,imYUXGARzZXL@,Ayaan,Butani,Suiteexim,login
RanbirJagani49@keepjpg.com,yRgbroHwHWQm@,Ranbir,Jagani,Neticlink,login
WriddhishAjudia40@keepjpg.com,iVftIlLlFhPj@,Wriddhish,Ajudia,Stercafe,login
KalpitPonkiya50@keepjpg.com,NNmkspTqovBa@,Kalpit,Ponkiya,Cornerstonecafe,login
VivaanAambaliya5@keepjpg.com,ROdCkyYxQZro@,Vivaan,Aambaliya,Flowworld,login
BrijeshPipalva110@keepjpg.com,KgCYlLrwbdjC@,Brijesh,Pipalva,Enginecafe,login
AarushChovatiya8@keepjpg.com,qYCXGUwOkPnk@,Aarush,Chovatiya,Determineddrive,login
DevanshSangani36@keepjpg.com,nWsQtXsyLLMg@,Devansh,Sangani,Progressworld,login
DarpanMovaliya80@keepjpg.com,LXgfxiANAgUB@,Darpan,Movaliya,Strategichunt,login
QasimDabasiya86@keepjpg.com,LMNUorvUVHEC@,Qasim,Dabasiya,Operatehunt,login
TeerthSakhreliya60@keepjpg.com,lnwkooAIPQnE@,Teerth,Sakhreliya,Methodicaldrive,login
RyanFaldu90@keepjpg.com,AWRdbHfjtpKz@,Ryan,Faldu,Onusworld,login
SamarthHarsoda75@keepjpg.com,LyPWLgDIQvmv@,Samarth,Harsoda,Enginehunt,login
ZayyanKhunt11@keepjpg.com,FTrdAFpJdQCv@,Zayyan,Khunt,Motivateworld,login
DalbirChimediya61@keepjpg.com,KVAMOOJfaKif@,Dalbir,Chimediya,Flowdrive,login
SamakshMonpariya49@keepjpg.com,UdaYHBifTtQj@,Samaksh,Monpariya,Dynamiclink,login
DakshJasani54@keepjpg.com,uagFIWZpgnmx@,Daksh,Jasani,Spiredrive,login
VirajPoshiya102@keepjpg.com,eiiIkInTNhNP@,Viraj,Poshiya,Vertexdrive,login
NakshDudhatra74@keepjpg.com,LQQnKIMrSDZp@,Naksh,Dudhatra,Immersiveworld,login
AnirudhPadsala78@keepjpg.com,NBFZcUrkBiMx@,Anirudh,Padsala,Masseslink,login
MaanavSatasiya6@keepjpg.com,UoyHzcbRLJqw@,Maanav,Satasiya,Wiredhunt,login
JainewAjudia108@keepjpg.com,jSAPYjTBUOSB@,Jainew,Ajudia,Eaglelink,login
FradoBharodiya24@keepjpg.com,jzClruRImszL@,Frado,Bharodiya,Segmentexim,login
AnirudhRajani19@keepjpg.com,XbkXSxlaOjbQ@,Anirudh,Rajani,Ndrive,login
ChampakVaishnav89@keepjpg.com,llebFXdHsHMa@,Champak,Vaishnav,Growthlink,login
TejasRupapara63@keepjpg.com,hsqVWrwSsQLQ@,Tejas,Rupapara,Societyworld,login
FarajBonde110@keepjpg.com,wjcNMilCGHUv@,Faraj,Bonde,Segmentworld,login
ChanakyaDabasiya21@keepjpg.com,kcVThoAtJeUo@,Chanakya,Dabasiya,Infinitehunt,login
IshaanKathrotiya94@keepjpg.com,tqqFhqvpLUcp@,Ishaan,Kathrotiya,Iocafe,login
BalhaarLila37@keepjpg.com,rgxlfmWRwxgc@,Balhaar,Lila,Analyticsworld,login
YatinKothiya25@keepjpg.com,ErxVtyiapWKE@,Yatin,Kothiya,Keycafe,login
OnkarLukhi60@keepjpg.com,GoRdpXMdukmk@,Onkar,Lukhi,Indicatorcafe,login
ZaidNonghanvadra57@keepjpg.com,rGRgrDyEOVWu@,Zaid,Nonghanvadra,Directworld,login
BakhshiVirani53@keepjpg.com,YuGqTDRdDSDy@,Bakhshi,Virani,Arcexim,login
YagneshSaspara67@keepjpg.com,dWDHGunhcZjA@,Yagnesh,Saspara,Agitatordrive,login
ChakradharSaspara56@keepjpg.com,RzLIHqaNNKdq@,Chakradhar,Saspara,Reactorcafe,login
WazirKapadiya61@keepjpg.com,hiObVokKmuIR@,Wazir,Kapadiya,Rocketexim,login
IndrajitGhelani26@keepjpg.com,wZfJNVmoSNgn@,Indrajit,Ghelani,Searchworld,login
ChaturaKachhi29@keepjpg.com,NpZejoLNMfwk@,Chatura,Kachhi,Qualifiedcafe,login
JeetSabhaya19@keepjpg.com,OGHivpNeInoD@,Jeet,Sabhaya,Funnelcafe,login
LohitAsodariya82@keepjpg.com,rpQBLorPjtSq@,Lohit,Asodariya,Sterhunt,login
NaveenGondaliya112@keepjpg.com,hifLsuRxcdfK@,Naveen,Gondaliya,Linkdrive,login
NiteshVanpariya23@keepjpg.com,bGJJqCRHCMOK@,Nitesh,Vanpariya,Socialcafe,login
LakshitNadiyadhara41@keepjpg.com,TMuLVVxmXhlw@,Lakshit,Nadiyadhara,Bastioncafe,login
DhruvHarsoda53@keepjpg.com,VgCYZAMGLiGn@,Dhruv,Harsoda,Tagworld,login
NiteshChohaliya8@keepjpg.com,VtSSrtNnJfZr@,Nitesh,Chohaliya,Chaselink,login
SamakshNavadiya80@keepjpg.com,RmgUdPIkeHTT@,Samaksh,Navadiya,Inteldrive,registered
ChatreshBambharoliya22@keepjpg.com,ImZmqbKDMlOy@,Chatresh,Bambharoliya,Xcafe,registered
JaiDhameliya60@keepjpg.com,MUKgxdevaMdb@,Jai,Dhameliya,Decisioncafe,registered
AgastyaPanseriya41@keepjpg.com,YKXDvqPKWDMN@,Agastya,Panseriya,Motivatelink,registered
ArjunBagadiya92@keepjpg.com,HUewscVQRcPy@,Arjun,Bagadiya,Authoritylink,registered
AnmolPaladiya65@keepjpg.com,fhfMgKTQUugt@,Anmol,Paladiya,Headwayworld,registered
YatinPolra67@keepjpg.com,BvAUtnzFfRLy@,Yatin,Polra,Egycafe,registered
LakshayDobariya23@keepjpg.com,rBzJwueRBatH@,Lakshay,Dobariya,Globelink,registered
GuneetPethani80@keepjpg.com,AGfWSszJAxCN@,Guneet,Pethani,Progressworld,registered
