SakshamLakhani72@keepjpg.com,qoNODVYzUalL@,Saksham,Lakhani,Lyhunt,735cd901-7644-4316-98a9-d4b139a4ae83,792d6ea9-2474-444f-a21f-4a9d03ec4759,registered
RaghavBarasiya99@keepjpg.com,QdlxjfllubiQ@,Raghav,Barasiya,Domainlink,5d208d76-781b-4bab-b35a-dcdc73f39e09,3f76ab7a-5112-4b0d-9d26-5e88f15dcc27,registered
HardikKakadiya73@keepjpg.com,BzrdEUbOtUqZ@,Hardik,Kakadiya,Testedcafe,3d6bb5c5-6e16-4092-ac5b-3d5bbb07761e,ae608252-c30e-44f4-bbd2-919ec4418e82,registered
BalendraTimbadiya12@keepjpg.com,vzseiQcvWqzQ@,Balendra,Timbadiya,Spirehunt,cf5a1409-3083-419c-b6b8-f57219259dc8,370827c1-85b0-4a6d-aa03-233be4d2efdc,registered
RohanTogadiya85@keepjpg.com,XFmfUnJSoqCA@,Rohan,Togadiya,Expandcafe,434886a3-dd84-4548-9196-737094b3ea07,10dd7c1c-7845-42c0-933d-758616789c71,registered
RaghavJogani71@keepjpg.com,HfOpsGctSzEM@,Raghav,Jogani,Motivateexim,d73bb298-b0ad-4705-863d-7d005abd5eda,7efc50f1-bdf4-450d-ba40-c4d4cbd83aa5,registered
RaghavPatodiya75@keepjpg.com,PBmkrjDephwd@,Raghav,Patodiya,Segmentdrive,4cd2f264-c0eb-4df2-9693-d99460f0401a,42d8fb6c-85c1-4112-b705-ce6294779dc0,registered
AbdulPipaliya37@keepjpg.com,AWnHwQVQCTwY@,Abdul,Pipaliya,Pushworld,24aaa2ef-6a70-4685-9566-07d327e85a1e,67143f8b-ea05-4db9-978f-5addd7f8f2d7,registered
WarjasDonga43@keepjpg.com,RsSqxVDUlbyn@,Warjas,Donga,Versedrive,d90adadb-3c63-45c9-9aa5-d31e21932077,00d4479f-664d-4bf9-8144-2c0ac50dd7cb,registered
HritikMarakana112@keepjpg.com,NnQtNBKMpROh@,Hritik,Marakana,Nestworld,ea73a74e-aad0-4df5-955f-2d332e03d049,c9adae39-7baa-4d03-9698-600915466b39,registered
BalendraBarejiya118@keepjpg.com,rjplBWzyeHNc@,Balendra,Barejiya,Valuelink,c9bcfa94-538e-4cda-a36c-3f36c591f796,46c1e9d3-bb57-4b9b-9bd3-6905714ff80c,registered
KalpitJagani107@keepjpg.com,zWBGKmBoVPuQ@,Kalpit,Jagani,Inteldrive,50a9d671-9516-44d7-9c89-78f190c82841,4f049a5b-98f5-4770-bf2e-5060c460b7de,registered
MohammedPipalva68@keepjpg.com,iEWRMVfbeFmN@,Mohammed,Pipalva,Segmentcafe,07701915-5a03-4b07-9257-e8dacfcc195e,299edbfb-6a71-46ed-be1f-214ce46179e6,registered
OnkarChhodavadiya20@keepjpg.com,cmfIJDOLaOdl@,Onkar,Chhodavadiya,Arrowheadhunt,d6384774-4fdb-4b41-b2d4-44e079572688,f3126e73-1126-44d2-9535-60d85a2c45b1,registered
KiaanSakhvada113@keepjpg.com,xABxWNANkByz@,Kiaan,Sakhvada,Intellectexim,30bfda75-fdb1-4f5a-9469-3baf09a0f27f,12f87e1d-e0d0-45f0-8037-aec100a442ff,registered
YatinMonpariya16@keepjpg.com,nKVTOLmGhrfd@,Yatin,Monpariya,Vertexdrive,56938f5e-6b44-4a6a-ba97-eab3c278d2bf,4eb8b697-91ba-4898-955e-a96cdea953bf,registered
AarnavSeladiya74@keepjpg.com,YlLFNMKKllWm@,Aarnav,Seladiya,Driveexim,ac54ec66-89f6-4f77-a4cf-9d7363c81dde,70f9a7e5-5d98-498b-a0d8-a687e89c98c2,registered
HiteshPoshiya115@keepjpg.com,NBTQSzspxPVD@,Hitesh,Poshiya,Indicatorworld,2a847b69-6fa1-4e14-a39b-b4939d3a5486,d189acf6-1282-4a75-8981-0b35bda0042b,registered
FarajVaghani23@keepjpg.com,tAiZbdWqYvPO@,Faraj,Vaghani,Neticlink,c3435847-3318-421d-84ef-6ee631027cdb,1e5d0019-2b8a-421a-a1b6-77c10e65095f,registered
QarinLukhi23@keepjpg.com,XCltwiDzVdBd@,Qarin,Lukhi,Xhunt,4f9326c9-542e-46f8-91b3-d71dec212023,54ce9293-f8b9-4f51-af9a-d56a37e5e891,registered
HarshilGevariya20@keepjpg.com,XUEUTaJgcPlM@,Harshil,Gevariya,Sterexim,0ea14f83-c339-44c4-82f0-877a1930d786,f86cdbb8-d04c-45c5-a934-72b5639a52b2,registered
WriddhishAmreliya8@keepjpg.com,JHllEdGLbPHm@,Wriddhish,Amreliya,Wireddrive,bfedaed5-7cb8-4bf3-a523-fd2f0a688c2b,20eacbaa-0205-4774-b824-54ac77f08500,registered
MohammedSavaliya42@keepjpg.com,fqUhTdLySaDk@,Mohammed,Savaliya,Dashhunt,7025bac4-f926-4002-9f8a-35a901ac234e,e6a08b55-b408-49f2-bb0f-c95e1ac77b6a,registered
RushilKotadiya24@keepjpg.com,TqxGhqMDHoDn@,Rushil,Kotadiya,Funnelcafe,18486bdd-1753-4f03-9bf8-c0aa2669e3a8,a3bed5c4-3ea6-4792-be37-4b37ba122a52,registered
DaksheshGajera34@keepjpg.com,hndjylMuLhqx@,Dakshesh,Gajera,Infiniteworld,3de006c2-7e69-4ee6-a2e2-fdfd062c656c,ed973c7f-605c-4574-a91e-ea2baf7783e9,registered
LohitShekhaliya114@keepjpg.com,iOZIgfBWUIkS@,Lohit,Shekhaliya,Keyexim,db0a32c8-807e-4f51-8e09-73c20db45443,60a64502-7f3e-490a-87f1-5823be087448,registered
GuneetLakhani38@keepjpg.com,nuNrUJCXJBYt@,Guneet,Lakhani,Testedexim,4ee5f893-cf59-4558-896e-c607d9dcc500,7a6ed11f-f74b-4b40-ad2c-4928437122a4,registered
BanjeetJagani91@keepjpg.com,OPJQGoHidzRf@,Banjeet,Jagani,Pursuecafe,4db038a0-27ba-454f-8037-76dead47935b,43c3d65f-8b72-47f1-bbab-ca0b9ff12a65,registered
EkanshHarkhani115@keepjpg.com,ZuWWWOZuTmaZ@,Ekansh,Harkhani,Engineworld,2f7f4417-247e-449a-bbf0-e60bb36c23fe,05288b5c-3522-4189-9b28-a107ee844658,registered
ZayanKasvala96@keepjpg.com,iEfyfyfFppdW@,Zayan,Kasvala,Viohunt,1680b079-c9ce-4048-91dd-a3fd82787963,f0203d1a-590a-4ea6-a194-c0ff893cd528,registered
AnirudhMalaviya(maraviya)100@keepjpg.com,DMkSQrTuvTFt@,Anirudh,Malaviya(maraviya),Linkworld,ed099814-89a8-4366-be07-1528a11dddf8,2ff493dd-e2a5-41c3-8f23-d78a3cbe6afb,registered
GopalChohaliya12@keepjpg.com,GqpgAqyCwOzs@,Gopal,Chohaliya,Performanceexim,4be42688-d204-4ac0-9920-a826d70934a0,626c01b4-79e1-4d81-82ad-1c8db4326be9,registered
AdvikJiyani79@keepjpg.com,HwxQrcEKqNVK@,Advik,Jiyani,Enginehunt,3122fbe2-f98c-4dcf-8b42-9d10ac249141,f15cad03-2b9a-4177-bd7e-114106e43eef,registered
ChandreshHapaliya55@keepjpg.com,dYXWzbNurhua@,Chandresh,Hapaliya,Adohunt,50571c72-c94d-4817-8484-7507e01be57f,4bf19dee-1012-43b8-9440-d2a769af50c9,registered
VivaanRupapara89@keepjpg.com,NlLjJiGwiHVV@,Vivaan,Rupapara,Origincafe,4e71601b-66e8-494d-9224-c2f189ec3689,c359e15a-4898-4af6-940f-fd5065007487,registered
BachittarSakariya53@keepjpg.com,wNbPHPEspTCQ@,Bachittar,Sakariya,Relevantlink,09d84d6b-df04-4585-85a3-b5c16b933bcf,5c170dd4-b11f-4ccb-b070-0ae66ee5ac03,registered
TanayPipaliya52@keepjpg.com,wejZECFyfZIj@,Tanay,Pipaliya,Trafficlink,95a8cc04-a680-46b5-a751-beb43fae3c15,2563633c-7feb-4124-b591-4f5ec49fa150,registered
KalpitKarad42@keepjpg.com,WRmYUZeHDWEc@,Kalpit,Karad,Questhunt,1042afb0-0ec9-42fe-bf61-933e7c78309d,80ecfc92-2351-45ff-8d23-b3947b2b1fbd,registered
FarhanParsana78@keepjpg.com,RRlYFFaeMajs@,Farhan,Parsana,Executiveworld,fd9a9e41-a38b-4339-b7da-f3458931b2b6,0e3ceb72-6fc5-4919-bf44-2dea6eed76f3,registered
AyushmanBharodiya60@keepjpg.com,bChyhHrVOZjA@,Ayushman,Bharodiya,Origindrive,dcbaa233-f06d-4ece-a527-3a9467265eb3,dfa037a9-7bbb-4074-b957-4aff608bedae,registered
GunbirBabiya110@keepjpg.com,JiiualpshWas@,Gunbir,Babiya,Smashhunt,54ad52bd-4551-44bc-a209-cf4de2d5b04c,bc3bc1fe-e559-429c-9a9f-cda5e4e51118,registered
WahabLila12@keepjpg.com,gyTsSaNEsrIH@,Wahab,Lila,Metahunt,79d11bdd-91e5-4481-b2e7-4351ea89e4d4,d7d0681f-b375-4b98-aa91-7d31a27d63c1,registered
FarhanPedhadiya61@keepjpg.com,cKxzntpldyNe@,Farhan,Pedhadiya,Strivehunt,a5f74ed3-99f8-4d8a-8a3b-c4a8fd0b8956,60f80c9c-7103-47a3-8ffa-31ed789bd8ec,registered
DakshViththani0@keepjpg.com,VGppiuluYKSu@,Daksh,Viththani,Arrowheadlink,1d5feb62-ee37-4068-863b-8620bab1e8fa,902f9dc2-6c13-46be-8aa3-71e7549b72b0,registered
ChandreshMangukiya93@keepjpg.com,BgYwKksJXIqk@,Chandresh,Mangukiya,Spreaddrive,aee2e4f4-7957-448a-a162-3efb52fcb376,44fc1b5b-733c-48e5-9fea-9f3156f67092,registered
KrishAmin106@keepjpg.com,txQXyzjZDUUb@,Krish,Amin,Cornerstoneworld,92eac15e-e6f4-42dd-8867-02a8fbea906b,db6dea9b-177e-4bab-8276-df635b1f6922,registered
FariqSutariya19@keepjpg.com,kQFgZolfQooa@,Fariq,Sutariya,Mentionhunt,ba608271-8869-4fa2-9c89-ead64f0c724f,c4f22886-f03a-4a04-b4ff-e24c1940807d,registered
AbeerGajipara74@keepjpg.com,IoXedttJRaZA@,Abeer,Gajipara,Queworld,c0a9807e-d2ab-4958-ba23-4ec7cd80888c,82b70ce6-7ab1-4760-82f2-a8e02894d7b2,registered
HiteshTadhani0@keepjpg.com,lQJipMNvTiip@,Hitesh,Tadhani,Botexim,6aa84b9b-c124-4bfd-b3ba-a34a11761f45,ce5328e1-17e6-446a-bf62-2b6a38a2ad4c,registered
KrishBharodiya19@keepjpg.com,QuRlrlpWjEYa@,Krish,Bharodiya,Nestdrive,76baa8dc-9b89-46ff-ba45-9e93a91cf2b0,8f4c02b7-0b43-4e01-b9ae-4cd432c60717,registered
UmangKhetani34@keepjpg.com,KnOZphDwNxDt@,Umang,Khetani,Pursueexim,459c14e5-b9b2-4054-94e2-b33bd72c2d0a,c6b8ab34-22f8-4449-9e76-491fdc1c7e68,registered
HarshHarsoda28@keepjpg.com,jHXJSFTkqGQV@,Harsh,Harsoda,Sendhunt,13e06db3-57fc-439b-b335-d0d2e6dd19bc,2762ab77-728b-4777-8533-c68495164a54,registered
RanveerShyani7@keepjpg.com,oulRvwVvnPpq@,Ranveer,Shyani,Advanceexim,c6170fb0-70cb-4db9-805d-13a1932f84d3,f7f0b5bf-e2fe-41b5-846e-bbdc66c767e7,registered
TanishJetani77@keepjpg.com,BeZDvAFtoIIb@,Tanish,Jetani,Syndicateworld,3fbc09b5-8520-4bc0-9d44-5f7036f2537b,23487e15-9d50-4e3a-8b6d-bce0d29eba8a,registered
TanveerSidpara54@keepjpg.com,xypvGmgiBuEs@,Tanveer,Sidpara,Simpleworld,fa09023e-3019-49f0-9b9d-1b5e71b01a23,a3939af2-f9a9-473c-ae92-dc5faceadde3,registered
YagneshGangani113@keepjpg.com,kFBIViLhSJPX@,Yagnesh,Gangani,Qualifiedexim,b74b269d-93c1-42fb-9c81-e9bffa5027c5,32cdf5ad-e129-4923-977e-92325b2f4402,registered
ChakradevKasvala1@keepjpg.com,FreFDdyhWKgh@,Chakradev,Kasvala,Lyhunt,0efed79d-ca0f-4ca5-b52c-7069b6ae2f85,9ffde143-1e64-4cda-89c2-f31a90edcac6,registered
YuvrajHapaliya0@keepjpg.com,tdSHxKKYMFcv@,Yuvraj,Hapaliya,Relevantworld,9413e475-5163-4a40-a074-8ccb8adeb4a5,0c0d7a5e-d855-40ed-9488-0f8b903966d9,registered
SaiRudani65@keepjpg.com,uHcilkMtIWAl@,Sai,Rudani,Motivateworld,6b290424-e0e7-40a7-b0c9-23fb961b33d6,98f37605-a05a-40f4-b353-37b6b5574aae,registered
EkbalVaghajiani85@keepjpg.com,OvTdrBUJVruD@,Ekbal,Vaghajiani,Pulseworld,2f927efd-4fdc-47fd-985e-d48bdd02de5e,0676e86f-f082-470b-8973-ff4f3ad48566,registered
ChakradevSardhara112@keepjpg.com,ugixjcjkrmQx@,Chakradev,Sardhara,Interactivecafe,004bef46-d10c-4d90-811b-18999094eedd,fa53f8c9-659d-4906-a14a-dfc7f12ac64b,registered
AdityaSakariya107@keepjpg.com,KRWSPNMWnahy@,Aditya,Sakariya,Enterpriseexim,ce1996e0-2bd9-4439-8147-cf9e31926393,9f79a403-ba4f-4351-99d4-1fa3c734cbad,registered
BahadurjitChuvadia.101@keepjpg.com,KnYCEZpNEEbu@,Bahadurjit,Chuvadia.,Enterpriseexim,15cf5492-7f22-4603-8d55-dff1421cdee0,bd2781dc-7022-4a69-af94-5fbbd0421ee6,registered
ManthanTrapasiya92@keepjpg.com,TqhdDvXiYyFC@,Manthan,Trapasiya,Advancelink,1b7f8936-cc11-4882-8446-491b0bb22d70,1861d2a6-cb98-4390-a6ba-8a42bc75a0ae,registered
FarisBorad119@keepjpg.com,ZePPYvpCZtJu@,Faris,Borad,Nativelink,df85eeed-bf51-47fb-b7ae-851f7cd4e498,8b1347d9-02db-4eba-b185-e866a3d98ce6,registered
SamarVagadiya106@keepjpg.com,BgtfTYDdCbeu@,Samar,Vagadiya,Magneticdrive,2ec3b7b8-f689-46d7-8260-886c8156f382,f4fa58f7-5788-4f7d-86a2-3572993ae35a,registered
SamarTilala62@keepjpg.com,HKgAvLcfnQxE@,Samar,Tilala,Simpledrive,35ecae33-5236-4689-bbfb-4bedba207a0d,89070604-1d29-4de1-92fd-e344469ce8b2,registered
BrijeshRokad85@keepjpg.com,vOhrNxlWzXzn@,Brijesh,Rokad,Methodicaldrive,381fcceb-bcec-4aaf-baec-1c3d87a517fd,c70f0273-1995-4cfe-8f69-c824ab59f640,registered
JeetGediya49@keepjpg.com,hZKIJfvXULNP@,Jeet,Gediya,Sustainedhunt,67fb8002-5233-49e0-8235-bf8542056de3,50b7159b-f91f-409c-b9a6-56db1c8e9a42,registered
JagatKoyani10@keepjpg.com,KtReXAZDVAaw@,Jagat,Koyani,Iumdrive,6de6ce93-7226-4206-a744-11049afa2bfa,56b62bae-37d2-44ea-9c9e-e51609e00c19,registered
SamarPadsala68@keepjpg.com,eebfxrVuBqDU@,Samar,Padsala,Neticcafe,9f3146d4-d94c-403e-a02c-973b657fd3f6,142ff4ed-efa7-41d8-9d68-b5553b0c5d50,registered
GirishBhingradiya61@keepjpg.com,UjACiElEZgMT@,Girish,Bhingradiya,Drivelink,7832dd97-a272-4228-8304-7c1cd3e74857,b2983006-499a-4fb6-8105-316fb4f6793b,registered
PranitSakhiya109@keepjpg.com,IvLNQjtxvSoi@,Pranit,Sakhiya,Spreadhunt,7c773d5c-14ba-47d7-8a2a-157c02237b2f,a368f1bd-c933-4830-8482-68a9d519d969,registered
LakshKamani92@keepjpg.com,GUDbczAXSoJk@,Laksh,Kamani,Liquidexim,e579fcf1-cdde-4791-8976-7e8d443ceb99,2ce096b7-ea5c-4de9-b38f-d2e6617cd159,registered
HredhaanGhoniya52@keepjpg.com,jUGVsXsaJHPT@,Hredhaan,Ghoniya,Operatedrive,8bfa1773-55ca-43dd-9d60-7d0aa5222658,ae2189d3-ac5a-4aa1-91a0-77ce72e52d60,registered
ImaranBabiya112@keepjpg.com,EDelCfRpgbmZ@,Imaran,Babiya,Rocketworld,ba03f3e9-3604-47d4-a587-0a7a90f7e836,69fa4e6e-ef43-4a5b-8762-0003442b33a7,registered
BachittarRangani5@keepjpg.com,DbpdZEqYrbJi@,Bachittar,Rangani,Bounddrive,eef7c2bc-45d1-4c9d-8767-8f6e94311cfc,fe045225-77d4-4e99-8e07-96f01932b960,registered
YashBhut84@keepjpg.com,YtwACduclPVI@,Yash,Bhut,Arrowheadexim,d5aeb94a-0416-425a-8dc2-2b4f191896b1,81e40951-ea80-4f3d-af46-b2629ac1a080,registered
HarishKachhadiya58@keepjpg.com,leoAFukHZOfv@,Harish,Kachhadiya,Tagcafe,16f37a69-c12b-48fe-822f-90c47cfde1e4,658fadcf-78f8-4369-853a-e6643ea1a2a3,registered
FradoKhunt19@keepjpg.com,nhGPytQiSLvJ@,Frado,Khunt,Oozedrive,7a2ee68b-bac9-4f23-b322-07768ed0a167,c3c919df-932f-4867-8019-f0007f5cd06c,registered
GaurangBodar27@keepjpg.com,NPuBWKyIVPfA@,Gaurang,Bodar,Pitchworld,16779588-aad0-46cb-8985-9036322582e1,b28f2e54-2957-4d1e-9719-d021a99f1d15,registered
VeerKothari60@keepjpg.com,PDVJGqJRpREd@,Veer,Kothari,Beslink,075bc41a-5cad-4b38-859a-e97735a41b4e,c2e4b920-cf0d-4f1d-b808-d61ea94b3349,registered
KiaanAntala41@keepjpg.com,FxwwHBraOOWs@,Kiaan,Antala,Syndicatedrive,2bffb67c-09ac-4401-964a-49c1ac9e8b89,8c821b8c-65f7-43a1-84fe-486eeea35d8e,registered
AnayMathukiya60@keepjpg.com,wVLNsuAIyFwD@,Anay,Mathukiya,Pitchdrive,83aed181-9ebc-41a1-bca3-090071bf8528,e7371cbb-37d7-417e-87a9-45adc84a2e7f,registered
DakshJetani59@keepjpg.com,qigJsvlGAZct@,Daksh,Jetani,Oozedrive,9d70bf78-57f2-4602-be22-cca9cbc6af12,0a7c4c86-17df-4f8c-bbbf-7a42f084de60,registered
TanishBhadani26@keepjpg.com,QBBVrkhpBgRO@,Tanish,Bhadani,Keyworld,e39896de-a65d-40b0-a054-3d179030fca7,314deebc-c94c-4dc7-9748-9e4fd80fdfb5,registered
WahabAjani7@keepjpg.com,tFmtoyRxGEop@,Wahab,Ajani,Informexim,2d045ed9-8db8-4eb3-9cc3-80a279d3bfb3,7751789b-bd8e-444b-b588-a846e169749e,registered
IsaacViradiya50@keepjpg.com,yWfJQLLlLAtO@,Isaac,Viradiya,Relevantcafe,9beb3750-78b1-4cdb-858d-71b1f6d3fbda,b513b995-cc14-42d1-942a-4f827a997d25,registered
RehaannewAntala84@keepjpg.com,bvmJvRUTnTBN@,Rehaannew,Antala,Nexuslink,de4eb129-f459-4ddb-8b93-5949eeed4d36,526dbe2c-6849-4492-b7af-245d5753efa7,registered
MaanasKoladiya99@keepjpg.com,GqvCtRbytjZs@,Maanas,Koladiya,Originlink,1dea7c58-42a9-4a68-92fe-08407169ff45,74762da6-2ac6-4653-9c9d-11bd1e16400e,registered
HiteshChothani67@keepjpg.com,fsTQfYpgdQGH@,Hitesh,Chothani,Vertexworld,c5418492-91fb-4f15-9293-7c4dd8baf79c,715e84d4-d71d-4445-8b54-179575af75e8,registered
LohitHirapara65@keepjpg.com,acAunLrEJGrn@,Lohit,Hirapara,Performancedrive,dc90933c-c9b0-4251-bdf7-b2b11fdab15d,4e621e5d-6642-4b83-82c2-7d5df873b513,registered
WriddhishMonpara45@keepjpg.com,vJDMHXasoqXC@,Wriddhish,Monpara,Zoidhunt,6799c254-3264-499a-aa9c-4f75414505cc,b2ad48a1-a867-49c5-9c0e-682b9087af02,registered
UtkarshUmretiya64@keepjpg.com,DZbcDLVmjjip@,Utkarsh,Umretiya,Engineworld,4e7f4212-e942-4577-9c38-0a27d428e013,b6350d87-462a-460f-808f-d89a5715db2e,registered
HarishBhut98@keepjpg.com,CMYtrZRiVVwd@,Harish,Bhut,Eagledrive,0b0f6502-61ce-4850-a272-895c63a42fa6,f746dda2-c3c6-404f-aa2e-36a6ada8d69c,registered
VihaanManiya81@keepjpg.com,MNDUOKfJayar@,Vihaan,Maniya,Nestcafe,dbf4dda8-ad4b-4693-8c31-216f6ecf9438,87d95df3-6afc-4fcc-85ca-be45894faa81,registered
ShivanshMeghani57@keepjpg.com,bUwcdYLkRboU@,Shivansh,Meghani,Signaldrive,7b819280-df16-4165-8a03-cdf2665c7f37,3d00f79d-a0ad-42fc-b01a-0027cbdd2b51,registered
BalendraGediya71@keepjpg.com,EEMmtvNQZDyu@,Balendra,Gediya,Associationhunt,fb4b59fa-ebfa-4528-8b88-12eba0b1d5bb,c86f20d2-df8c-4c93-9e0d-61299e41373c,registered
ManbirDhameliya72@keepjpg.com,ZvIrQmNyIeTp@,Manbir,Dhameliya,Operatedrive,55c7a6c6-d2c8-4b3b-b28d-9fcd0118582e,ab5a45cc-5598-4ff2-828a-c9712ca07a40,registered
AdityaDonga62@keepjpg.com,EzSyJQoeNjOb@,Aditya,Donga,Cycledrive,e703656b-e854-4624-850d-65314ae68086,fa4bd3ce-6c84-4f45-a95f-12972aebd7e2,registered
DarshChothani50@keepjpg.com,lxxHAORoLXtL@,Darsh,Chothani,Operateworld,0046a1e8-4325-4072-976d-c7af15c3ecec,f09874a0-b33a-4c7f-b790-c89eec162629,registered
JagdishHapaliya91@keepjpg.com,FgCenYPyRSNV@,Jagdish,Hapaliya,Proofhunt,5b5607c9-5bfc-45d7-8ed6-b8e9de9d050d,1aa7deb1-74d4-4213-b6b4-44b96b788d20,registered
KaranSeladiya116@keepjpg.com,AYneRmsdRLQZ@,Karan,Seladiya,Infinitecafe,6e262a23-b6ea-409d-9e2e-11586b0e9020,eaa8c20b-0e05-4c65-b4d0-b9c76775b07d,registered
HemangGami16@keepjpg.com,YxAXxhHfqkmC@,Hemang,Gami,Metricsworld,314c1e58-7cea-44cd-bcf7-d3535cddb18a,361346bb-4761-4f94-8f93-b41df13a60b1,registered
OnkarNakrani99@keepjpg.com,MuPzcoJUFgRF@,Onkar,Nakrani,Pursuitdrive,eac3f048-7a5f-4734-821c-b9197f8a683c,6e77331a-29bb-4acd-8d53-639b6c9469f0,registered
VirajChabhadiya43@keepjpg.com,bBiQkhheFTNu@,Viraj,Chabhadiya,Questhunt,12e0b4ca-1851-4bda-8d2b-ade11cf24fe0,2c71f5b8-0707-4bf3-a623-02ae12c5d8b9,registered
ZaidViththani89@keepjpg.com,UdGkKKdlZwEJ@,Zaid,Viththani,Reactorexim,6e961d15-a8cb-4fcc-be55-e7c57cb1c427,7156179c-a4b5-4a0d-b86a-3dc4dff7aad2,registered
AgastyaShingala24@keepjpg.com,ZufSYWqESMme@,Agastya,Shingala,Qualifieddrive,cc0b2bec-2f57-4d23-a04e-78b9c0335bb8,ff1d1426-1ba5-4a8b-b231-b0caca3e99aa,registered
VedantSakhvada80@keepjpg.com,dVgQnheZMvMv@,Vedant,Sakhvada,Questhunt,ca231f5a-3b7b-4ce4-97cb-a724b438ead2,0a425d6e-d10a-4336-980b-13b02a85a0e4,registered
EkavirBhanderi63@keepjpg.com,MhmtLJMCQQjl@,Ekavir,Bhanderi,Stercafe,58bb1500-6ef3-4e78-948b-ba65167f5a7e,17b3d28a-0be1-4249-97b6-03e610edbeb8,registered
AnirudhBoghra98@keepjpg.com,UOjJnKRSdsVk@,Anirudh,Boghra,Lydrive,49546f75-9851-44e1-b0c8-716360f6635e,a012b8e2-04e3-4fc4-81bb-8842c316ba80,registered
ShauryaPolra11@keepjpg.com,CqtkTgBQkIbd@,Shaurya,Polra,Segmentcafe,7148444c-bd5e-4086-adc0-c8194fbb4f7f,ff4cb65d-bf7e-4205-b872-132bced00daa,registered
BalhaarGelani46@keepjpg.com,rqOUZnsbcvFx@,Balhaar,Gelani,Blueoceanlink,929034d1-3576-43be-b59b-ef30b2db715d,d692b6ad-ff54-4809-b232-e3faec7b3d46,registered
TeerthPadmani108@keepjpg.com,yBafMiLVgcPZ@,Teerth,Padmani,Operatecafe,c5168960-061f-48e0-94f4-74bbbb2dcbfd,0e5ca124-c941-45f4-953e-c6b30296527f,registered
AnmolRank19@keepjpg.com,tljGEeatipEe@,Anmol,Rank,Forwardexim,f7c12dbf-1a33-464a-9c2a-a36d67b68a59,aa0aced3-65a1-4fdb-a737-533458adf00d,registered
AdvaithKumbhani102@keepjpg.com,WljjvGGHjluc@,Advaith,Kumbhani,Cityexim,1325fc82-90cc-449a-9614-baa224cf51b4,b4d4665f-a024-4825-b90a-b02f79d74d6a,registered
RonithMepani108@keepjpg.com,jCHZeyKfuEag@,Ronith,Mepani,Nestworld,02b49f3f-d561-4dd3-b44d-005ac4a75399,6c0fd3a1-a0dd-45a6-9ebb-68826f3d5b58,registered
TarakKothari50@keepjpg.com,rNLGbiydgCns@,Tarak,Kothari,Intellectdrive,1a2ec2ef-1036-45f8-8a06-c47df9c3e622,c8bd43b9-42bc-437d-ab65-14db0ac6801d,registered
AyushDhankecha23@keepjpg.com,MNXBqLQgRnzR@,Ayush,Dhankecha,Magneticlink,62948ae9-6f94-4db4-bfae-d02bf2aadbb2,84a0d6d5-6637-460a-a7fd-634475b6c683,registered
AbhimanyuKhatra58@keepjpg.com,dRQQGzsSdDtu@,Abhimanyu,Khatra,Headwaylink,f192a9d3-bfb8-4087-89cc-528048bb4e4c,57d4d981-b301-4c03-b442-25b311c9fb38,registered
TejasKunjadiya64@keepjpg.com,PnYYieWiPvIL@,Tejas,Kunjadiya,Operatehunt,358e820d-6024-4379-9aa6-a5a412dc5077,9744098a-416e-46f5-a874-03bc0aedf04a,registered
QabilAjudia67@keepjpg.com,lnEWCVztpVQn@,Qabil,Ajudia,Operatecafe,0885b8f4-8d8d-4cf8-a964-65b22e2fdcf3,6c130676-3138-4b4d-929e-0fc61b2219b3,registered
AbdulPandadiya89@keepjpg.com,GVLmzMLTgQJF@,Abdul,Pandadiya,Syndicateworld,05b8800c-b03a-47d8-9659-dec9459a71ca,1735d30a-ecef-44eb-b536-44d3eb684937,registered
JagatMendpara19@keepjpg.com,vnVkyCTgnJqb@,Jagat,Mendpara,Citylink,0821f891-a0d2-47ef-a85e-a6bdb7e98472,dd28f6f3-e162-4c60-bfd1-3c2b062d105a,registered
BrijeshGundaliya122@keepjpg.com,ojehUdoeaqCR@,Brijesh,Gundaliya,Supportcafe,4d2f9ecf-2708-43c1-a667-fd8928f47468,637941f2-ee76-41ab-b06a-522cb288d569,registered
BalvanSabalpara90@keepjpg.com,WTMjdjgERcMc@,Balvan,Sabalpara,Cornerstoneexim,fb1d1e4c-760e-4df7-84e5-df9ef6c2c1d2,d0056e5d-393d-4716-b3ee-3254e167cbcb,registered
WarinderNakrani83@keepjpg.com,UZnPIaGeoJWc@,Warinder,Nakrani,Growthexim,b3d84741-adc2-479c-8203-5f4727f3ea73,d4dd2909-816c-44b6-8d5b-cbfef3aee2ad,registered
YashPatoliya52@keepjpg.com,AcryodmSNZId@,Yash,Patoliya,Lylink,1c966568-e067-4cd3-8af7-1611f067adc8,fd27abee-5f65-4d36-a8ef-97e74a5db818,registered
RehaannewVasoya39@keepjpg.com,DvSnPrtIvCar@,Rehaannew,Vasoya,Managedexim,b726eaf1-79eb-4b10-8413-543e5c42bc10,8d307344-fbc4-4ab2-8b54-882e6db1a89a,registered
ZaidShyani53@keepjpg.com,ZyFGuDPbRJYw@,Zaid,Shyani,Socialhunt,c82fa02c-875d-477a-8c2c-d0c15a2c99b9,7ca00703-8c9e-4af5-a076-7524ae8588a4,registered
SameshShekhaliya116@keepjpg.com,wdioNUvARCKf@,Samesh,Shekhaliya,Thriveworld,57af901d-dd0e-48ae-ade6-07e650a2165a,780d3cc6-a908-4d92-920e-bec944f568f2,registered
WriddhishKikani61@keepjpg.com,RfDMJlSaXKGJ@,Wriddhish,Kikani,Oramadrive,27b07d30-ab00-4278-bcd1-0a7a33015c87,8696089c-ceb5-402f-b672-5b0b5096fe2e,registered
VeerAsodariya103@keepjpg.com,nSWKrECsCKPv@,Veer,Asodariya,Deckworld,d6c2f55a-b5aa-4624-8fc6-4ba23f0e4009,56f4e882-1415-4091-b976-705a73079d4c,registered
WahabShingala120@keepjpg.com,zYbzgzGTtqHN@,Wahab,Shingala,Optimizecafe,ff69353b-e9f0-415e-8bfb-7c806f917967,e69c2c3e-c4a6-488e-8e0a-f9ba8f5624ca,registered
BalveerVirani53@keepjpg.com,lpdXPOzCRlrc@,Balveer,Virani,Drivelink,f4542e84-3259-4882-b661-d7315ab8a019,fc65e716-fa0e-4f72-87ae-23913dad2845,registered
AmolGajera26@keepjpg.com,rJtmswsffwSd@,Amol,Gajera,Authorityworld,ec9d67e2-dc43-4031-8524-809974d73a08,5bf628e6-15ff-46fe-8b72-527d57519797,registered
HarishViththani10@keepjpg.com,QMLzgRGEGPbk@,Harish,Viththani,Executivecafe,2a652658-4eed-4b85-b9f8-e21746e5a7a2,b1b57401-85ad-4085-b00b-75980a20f3b2,registered
TanveerPedhadiya71@keepjpg.com,mvLwxEogLXIV@,Tanveer,Pedhadiya,Exdrive,0b6e0920-2264-435d-b9fc-c92ae65be9ec,04b67f05-0ca1-478c-8513-f8402799ab82,registered
GautamSiroya96@keepjpg.com,XeXFCveJOhRq@,Gautam,Siroya,Eagledrive,a59e507c-ded0-4a0b-815f-6fede1ee4404,1fb7dcc3-c713-4b23-968a-3dfe0625aa2e,registered
HarishAndani39@keepjpg.com,eoRXDmLgGfYc@,Harish,Andani,Chaseexim,d4d7a707-879c-43cf-ba97-dc64b070dd03,148151ed-e781-4af3-ac79-afd318d01e61,registered
QadimValani5@keepjpg.com,pXQZQCEMmYWH@,Qadim,Valani,Reactorcafe,d2920451-ab8e-4156-bf5b-7468d74571dc,882e1967-6ae9-4c1f-b6c3-3b49b6948c0e,registered
RanbirChimediya7@keepjpg.com,wJQwPGWTAoUP@,Ranbir,Chimediya,Optimizeexim,06ae3868-00f0-4f87-b4e9-a1b54bf3df01,57e13203-ac15-4c4a-be78-ca283941e40b,registered
RudranewNadiyadhara108@keepjpg.com,giICbCoISfkp@,Rudranew,Nadiyadhara,Growthdrive,846f0617-9e0f-48b1-a568-fd5dfad4c679,c71e75a5-6b0a-47f7-ab08-4bd61a113bc9,registered
IndrajitBarvadiya49@keepjpg.com,fcAjwqyltlve@,Indrajit,Barvadiya,Growthdrive,06595b41-8b0e-47b3-8b12-6c678c7db237,723207c6-b8b1-402c-9522-605a39f7cdd9,registered
WahabRupareliya121@keepjpg.com,ezNzQKerxlCB@,Wahab,Rupareliya,Nestexim,882935c8-1623-4249-a01e-c13ff7851c35,68574793-6738-4962-a668-1bd540de1d5c,registered
NachiketKoladiya92@keepjpg.com,KpCbXRKtdRbf@,Nachiket,Koladiya,Checkcafe,e885fc17-7b54-4a23-9780-04d7be655664,384f35bc-7962-4200-b4ec-d555f28e6e73,registered
LakshitNadiyadhara13@keepjpg.com,CmERyXnwJmgz@,Lakshit,Nadiyadhara,Nexuslink,98469e55-f55b-4c1b-8a41-bebdab4e8809,6d950f71-a46b-403f-ab3d-b2d94f18a511,registered
WarjasBhut106@keepjpg.com,qInWGOVlnJnL@,Warjas,Bhut,Blueoceandrive,af771d0a-7d04-49f8-8e7f-a94d686da8d2,b0c2e367-d454-4adb-87b4-b24e64bec58a,registered
JaiSavaliya48@keepjpg.com,DQWmhzrESqlq@,Jai,Savaliya,Questlink,54ee23db-b936-4886-a287-eb37c3e4e34f,9524d0ba-2c02-4f6f-b10a-1f0467494970,registered
RohanMangukiya100@keepjpg.com,HYdUKrvDYNVX@,Rohan,Mangukiya,Pursuelink,d60eb18a-b207-4afe-8b9d-9a5fdd703535,da6ae3a6-73fc-43e0-86c4-1ce30e7cb730,registered
JaiThumbar23@keepjpg.com,XdvyUyIYemvR@,Jai,Thumbar,Trafficworld,57aef1ba-2f01-4813-b148-222d296c1d27,05950823-a893-4fb6-b0a3-deaff8afef2d,registered
JeetMoliya91@keepjpg.com,UzbcDjUGwcGG@,Jeet,Moliya,Quelink,81e7d2d8-f8ee-423f-a8a4-27048bf43978,f21357dc-94b6-42a2-bd2c-19f1fe92ef82,registered
KrishnaHingladiya106@keepjpg.com,ouNCghJMjApM@,Krishna,Hingladiya,Huntexim,65673c53-39bc-44bc-a3f5-fc10ea3cc03b,40dec354-0f6f-48d9-a962-01f5eab2fc4e,registered
GopalMemagra47@keepjpg.com,qongTCkRunrQ@,Gopal,Memagra,Looplink,f4db703c-2f3a-40b7-964c-e982a1e92526,acea1ee0-85d8-4daa-92c7-bd60201c36c8,registered
IshaanDudhagara89@keepjpg.com,sFQEYwBRMneC@,Ishaan,Dudhagara,Loopcafe,0cb83951-1df5-4c66-86a7-d310f57bbd5a,6df1a9db-9c17-41f5-b41a-90e94e9c69e3,registered
IsaacMorad60@keepjpg.com,mvTspAPylava@,Isaac,Morad,Knowworld,4e749622-bbf8-4f93-b444-af147b542962,93dc48b6-9f38-4120-a134-4067dda333d0,registered
SaiPonkiya117@keepjpg.com,VgwDpfGqgHsH@,Sai,Ponkiya,Connectlink,677da131-10c4-4a11-b365-7c163e991856,db080db5-f310-4c41-812b-b9ea22de087c,registered
ImaranRokad71@keepjpg.com,bnSHTkkQZVVm@,Imaran,Rokad,Cardinalcafe,ccf824ae-02a1-4087-8ce9-c2313015d187,25b27b1d-42aa-4fe4-ae17-ba2e1460e0d2,registered
ChakradharGelani25@keepjpg.com,UDtyYYqDoECH@,Chakradhar,Gelani,Origincafe,033f8b97-2256-46c0-b15a-b7d21debac47,8ff7b4b5-78ce-434f-818c-2244dfaf4bb9,registered
AyushPolra65@keepjpg.com,SzIatQyxpESi@,Ayush,Polra,Pillarhunt,7162aa8c-06cc-488b-8bb3-33da2aa7f2f2,75dbcf0e-4be9-4285-a145-67599f108d20,registered
ViaannewPoshiya103@keepjpg.com,yayhfKoDEvxo@,Viaannew,Poshiya,Massesexim,812b9d99-8edc-4356-8739-113078de1dec,1ed610ad-277c-4fff-bb43-1b0893a8e2fd,registered
HarshilGoyani113@keepjpg.com,ehpQQCKMQyBe@,Harshil,Goyani,Globelink,102e71be-dbba-4272-94ea-8e76578232ea,58280a9a-3cd6-4867-9875-dd6ef15b9d56,registered
LabanKunjadiya6@keepjpg.com,wCjGjkquRagv@,Laban,Kunjadiya,Connectlink,568e705a-0bad-45f6-9546-0a70d07088d0,50551e8e-0923-4168-b00e-96618bb29170,registered
UdarshUmretiya9@keepjpg.com,NrAjCxuZHCdO@,Udarsh,Umretiya,Masseslink,2cd07219-372d-4e21-b3e3-364b25a31cbd,5b4700c8-c44e-477b-918a-bb35d7df26a3,registered
BaljiwanMavani122@keepjpg.com,auJkzTvryiVT@,Baljiwan,Mavani,Operatecafe,cfab0cef-4d77-4f72-8a89-e9299d94c2e2,a9a807b4-eb52-4bab-b45c-098892a14a93,registered
DalbirPadmani97@keepjpg.com,FQCSBKSNnfcp@,Dalbir,Padmani,Brillantcafe,4f2fe96f-b84b-44ef-b271-f05e6813894f,344b71f4-c0b5-4bdb-852d-a60b671fe5d6,registered
RishiTrapasiya29@keepjpg.com,tsdslobodMGk@,Rishi,Trapasiya,Mentionlink,aa8d9f9d-05d6-47f8-be9f-7f7a594c60fb,93d8d9ff-8e4b-48a5-bd37-2a6c48c60547,registered
BachittarHidad56@keepjpg.com,HMnWsJXNdhoI@,Bachittar,Hidad,Determinedcafe,c75f2549-e8af-44e2-a327-80fec0b3fc78,004255a6-e02f-4e95-8f04-5131f7ee4e45,registered
ArinPandadiya31@keepjpg.com,WyCedKDpjJte@,Arin,Pandadiya,Pointexim,6397b93e-e5ed-438c-be68-454467cdb008,db7fd977-4029-469c-a1bb-a421b7ec17cd,registered
TanveerChhodavadiya111@keepjpg.com,jWFrdQJdzqYo@,Tanveer,Chhodavadiya,Authoritydrive,f05efd9b-4444-4eec-bdd7-6a700d4c648a,7ded3777-14cf-489c-bc87-ec2904e4668e,registered
ChandreshTadhani15@keepjpg.com,XEVXCfZbDdau@,Chandresh,Tadhani,Liquidcafe,e1b8b5bc-e018-4ad9-b188-8efcb209af0c,eb174797-5709-4996-8fae-c858d45a6164,registered
CharanKapupara42@keepjpg.com,WsQxdCYvynDD@,Charan,Kapupara,Operatelink,026978da-769f-4194-abc4-8f70290b2435,48c975e1-bfba-475f-82ff-7211239aebae,registered
WarjasBagadiya64@keepjpg.com,VjMVNfjGKsNy@,Warjas,Bagadiya,Splitlink,29ac3b8c-a6b8-425f-be88-616c1851e1cf,10191d07-9c7a-4c15-9d84-4834cb82464a,registered
UpkaarGadhiya14@keepjpg.com,vPtNXTpihMcM@,Upkaar,Gadhiya,Activatorlink,2f2bde56-e359-44a4-98be-03ac591a723d,9dab1fe2-af03-4012-86f1-6294313cdb16,registered
BakhshiMendpara89@keepjpg.com,BxVUvjdYHzvd@,Bakhshi,Mendpara,Morecafe,0d1fece1-9211-4012-8bae-d2c9e321ec7d,c272c844-d5b3-47cf-b274-c64c42572d66,registered
KabirSangani37@keepjpg.com,ZVazvjwohhHc@,Kabir,Sangani,Prospecthunt,76a261dc-2cd7-4525-a524-3d82384a34d9,8fe78ae4-1276-4825-8f50-e81365e7d26f,registered
AdvaithGangani70@keepjpg.com,iqbLDOkuOjYS@,Advaith,Gangani,Strivelink,f572119b-42ab-4972-9648-754d0c143d0b,ec182585-6b77-4ee6-8746-6a37833a97cd,registered
HiteshPadariya106@keepjpg.com,NwtIVYBuGXvJ@,Hitesh,Padariya,Magneticcafe,070fb7fc-b8e6-4dcc-a6cc-3ec784846261,51100bd5-8850-420f-add1-73bd0481a304,registered
AnshSorathiya45@keepjpg.com,HFbOeVwKhScw@,Ansh,Sorathiya,Besworld,47575bb4-1e44-4afb-81af-6ca001af9626,ee95298c-e747-4423-9356-bb06143d60c8,registered
OrinderBodar18@keepjpg.com,TGzRTYQZrPRQ@,Orinder,Bodar,Pursuehunt,042cffef-1548-460a-8578-8683a6ba92bd,0109519f-51c6-476a-868f-899f44638d48,registered
YatinKothiya119@keepjpg.com,wwutikjyVIGj@,Yatin,Kothiya,Associationhunt,37f8a92a-f064-4052-bec1-00a75a75d330,6f24ef2f-7691-45fc-b1f7-5788f6982769,registered
DevanshKumbhani15@keepjpg.com,KQIvqjjVJonD@,Devansh,Kumbhani,Tasticcafe,0d84e880-5cd1-44df-be93-ecc9944f66ee,5baf3a2d-0b59-478c-8dca-54687a246db1,registered
FalanThumbar8@keepjpg.com,pUdWwAxbJdHb@,Falan,Thumbar,Authorityworld,3b82cb18-0e1f-4864-abad-ebd62cde47dc,1c2bfc73-e25c-42d2-9ab3-0d651faf0839,registered
GuneetKanani8@keepjpg.com,fQMFuOyxnMlk@,Guneet,Kanani,Arccafe,1b24ce8c-22a2-4100-bd94-1bf0466835c4,14cdd8b7-8fbb-494a-b691-d54ad81444a9,registered
QasimGevariya88@keepjpg.com,MNTWiuZNLwTR@,Qasim,Gevariya,Keydrive,e0035515-519b-43d3-92ff-b9a1db598a1b,f406bda1-1d7a-460a-bb3e-4b4b6e55fbcd,registered
ManthanRupapara96@keepjpg.com,pHJlfkvKYTva@,Manthan,Rupapara,Citadelworld,05177c80-0d6f-4472-b683-88fa2cd326f7,d32e8f46-e678-4ea6-bcb3-4164d24fbf2f,registered
AviShingala50@keepjpg.com,BJrlspsboFsj@,Avi,Shingala,Interactivehunt,129bc0af-46af-432b-9211-299b9871d76a,dab096eb-9f9e-4e4f-a354-251d56aca6f2,registered
EkarajKothiya34@keepjpg.com,lKLwaBBfsHDo@,Ekaraj,Kothiya,Arrowheadexim,ed98b518-180f-463f-984e-4c4b78356884,e65505aa-10bc-4787-ab47-fc6c55bdc307,registered
WahabGinoya17@keepjpg.com,rPPZmWJtVTPn@,Wahab,Ginoya,Immersivelink,50675035-a138-4aa6-9eeb-5c47a9337026,89ecb005-b5e6-4357-93d1-8118a39cc311,registered
VeerRajani65@keepjpg.com,HILEseEQorNA@,Veer,Rajani,Motivatedrive,05eebc20-bd8b-450e-be15-bb7d1dbf9b96,26edb3b5-e479-4994-8d92-31d58818a04f,registered
NiteshPansara30@keepjpg.com,ORndulAzUGEH@,Nitesh,Pansara,Advantagecafe,3ea83c39-741b-4e49-a6ca-21ebf05a172d,fe918ade-97a2-4c00-a079-efa10c2bc39e,registered
HiteshTarapara107@keepjpg.com,RYnUesLtMTBK@,Hitesh,Tarapara,Connectdrive,97a127b8-dbce-4fcd-8ffa-27c9f28ece64,16fb30aa-47dd-48dd-83fc-b66bca9c0700,registered
GirindraLakhani28@keepjpg.com,aTzMuUDqmPNn@,Girindra,Lakhani,Citylink,c7938202-53d1-4308-b728-ebd524711aa2,67ea4df7-5d2c-4f7b-9294-d497b4ce71f4,registered
JagdishHirapara57@keepjpg.com,aTTDARdJmItp@,Jagdish,Hirapara,Agitatorexim,c8d9e4fa-eb1b-4def-af9b-2c9ba1ec31a0,8aa7671c-4bba-4cc2-9afe-1d4468decaa3,registered
AayushMandanka20@keepjpg.com,rYDbpyGdwVXf@,Aayush,Mandanka,Enginecafe,b60c86ec-9074-480e-9230-fbf44d9d04c8,e4217bb8-f438-4191-8db0-34e4c1859988,registered
ManthanJiyani0@keepjpg.com,yEaYedBerPTe@,Manthan,Jiyani,Progressworld,614ab3cb-6bc9-4e1c-b3f8-5f1c7bff3965,080323d5-2b88-408e-a63e-e56554a4e2db,registered
JagdishBorsadiya12@keepjpg.com,zUUDPhtHuBkK@,Jagdish,Borsadiya,Adilexim,82d982fb-708c-4423-aeca-cd4be3c810c0,f73d5a83-4c46-4e66-bc4b-af7407ec9a0b,registered
EkarajGarsondiya73@keepjpg.com,OYWWHSLbkUKr@,Ekaraj,Garsondiya,Funnelexim,6cd8e229-d3b4-4178-bf2d-3337f3d20374,098c57ba-f29c-4164-95bc-b2d3ba89537d,registered
ChakradharChhodavadiya12@keepjpg.com,FVcLSlRxAosa@,Chakradhar,Chhodavadiya,Xlink,4e08c421-43b0-4e2b-9819-7864db561a80,4498e733-eed2-4349-9d93-d0f7d62252a2,registered
ArjunVadodariya80@keepjpg.com,WIlTesSeBHjS@,Arjun,Vadodariya,Metacafe,97da5d3b-2225-469e-948d-ab1dc16568bb,109b9f66-3013-4bb1-9391-f13fe26859d7,registered
FradoTanti67@keepjpg.com,cnUOaXymqHBK@,Frado,Tanti,Prismcafe,6eab56f1-f10f-49aa-b228-4916ecf8b155,58a42ee2-b7b0-41f5-9b97-9cc3a2df7b71,registered
TeerthMalaviya(maraviya)6@keepjpg.com,fOZDuFKsdBdX@,Teerth,Malaviya(maraviya),Liquidcafe,f1276fc8-ceec-4a19-bfae-3a9148008592,262fad55-07db-4450-bfc5-107369da3c61,registered
LakshayRudani15@keepjpg.com,EZQJLUZVHNsd@,Lakshay,Rudani,Metricsworld,0041c1e4-470b-4040-87aa-6de4d39d97d8,5c4b77dc-af8d-43b7-ab87-dab09cb70905,registered
AryanHarsoda60@keepjpg.com,TLODUvnzPJyi@,Aryan,Harsoda,Trafficdrive,b329ae4e-873e-4db4-b82e-b14b95ecab06,d0dd5a14-7f2f-4bcb-a086-7a3835268363,registered
SarthakLakhani29@keepjpg.com,fphssWtlWtKC@,Sarthak,Lakhani,Immersiveworld,6d11e1a6-2590-4213-bc9a-f955f104f02b,605db25c-d341-40cf-aa84-eaaf417d00bf,registered
RachitDabasiya88@keepjpg.com,IZqHcscGKlvC@,Rachit,Dabasiya,Yadrive,d2441721-b940-4688-958d-6bebf1ad3b20,d9222867-10a4-45cc-8bec-591feb14e562,registered
VedantVachhani33@keepjpg.com,PmWsbSizYbhN@,Vedant,Vachhani,Scapecafe,d02c59b7-ea49-493d-9a7f-87eac0187450,6a8601be-92b8-45e5-ab7b-3a9d41f26ef3,registered
KalpitLimbasiya80@keepjpg.com,YjXPypNIgQpZ@,Kalpit,Limbasiya,Thinkhunt,e2e89ba6-2755-4785-96a3-6639f8117006,9f233bb9-d524-4be2-952f-18e5a7409b81,registered
HemangJajadiya7@keepjpg.com,dCaQQgdWrDXX@,Hemang,Jajadiya,Nestlink,3ee87438-8839-4689-bfa5-aaa3e7d3f2c7,64ad12b9-9249-4bf5-b0ff-8e007036a504,registered
ArjunSavaliya95@keepjpg.com,uCTkJhqvQflj@,Arjun,Savaliya,Egycafe,40441b80-71de-4686-bf42-f27c27f50a3d,beb7106b-c770-41bd-959f-7918dd627a91,registered
OmkaarSavakiya85@keepjpg.com,qopLEWuanrwi@,Omkaar,Savakiya,Queworld,ec5c7f46-55dc-4137-9547-1aad7c21e9fc,c38ec204-9218-482c-b007-8be2edf2f0ed,registered
RaghavGediya104@keepjpg.com,ZjoaaOFbwjtR@,Raghav,Gediya,Quecafe,4f3e1f1b-419b-4566-b53f-0d45e59e16ac,0e898b0f-e56b-44ed-917e-a85307313095,registered
ManthanBuha(busa)37@keepjpg.com,VTwLsaLPeMKc@,Manthan,Buha(busa),Lycafe,9d029429-abe6-4fdd-b15c-8c3256a56c6b,612b819d-ba6a-43e4-a1a9-c308001e1bdb,registered
GirikFaldu29@keepjpg.com,QjyvQLMsdvvl@,Girik,Faldu,Chasecafe,93f179bd-9251-4eb4-98c7-4b67c7e5751c,acd043fc-b0fc-4465-98f1-c60f2a1f997d,registered
RyanBambharoliya13@keepjpg.com,NNJrZXTGEFTP@,Ryan,Bambharoliya,Originhunt,e577ecb6-c7d6-45ab-8ce6-325f887103aa,e0d5b217-1c1d-4da6-ac4b-29c4be77b440,registered
JagdishVarsani23@keepjpg.com,WxCrJjDIQejj@,Jagdish,Varsani,Completeexim,6e15ce57-a825-4c95-9e34-9a3f52dff848,3cf91d60-c5fa-4e96-86d5-99383057a03d,registered
YuvrajDudhatra29@keepjpg.com,fRtombBKnXmD@,Yuvraj,Dudhatra,Segmentcafe,227f4c05-4b77-4597-b3c9-611edd34ec0c,d0cb0feb-1d0d-4a8e-b293-94f365b18a26,registered
EkalingaPadariya10@keepjpg.com,UpynsRDeuPex@,Ekalinga,Padariya,Iumdrive,1aed1cee-74b8-4f5d-9bab-816ebd5907e7,7dde78a8-480a-433a-85c3-955cf61d3c0f,registered
ShauryaGami108@keepjpg.com,EqlmBwAqkZvd@,Shaurya,Gami,Pillarworld,2b20c349-f1c8-4820-9a25-90d91ba5f598,385a2110-97c4-4301-8d9d-9da6a438376f,registered
AbhiramnewSiroya39@keepjpg.com,EZpKjrXoDrUn@,Abhiramnew,Siroya,Decklink,f07f90ed-2166-4731-a4e3-e050dd0234c0,2bed46b1-3e51-4a6f-a79f-c309982057c0,registered
AarnavSarkheliya6@keepjpg.com,kjJEFFrNtRAk@,Aarnav,Sarkheliya,Metacafe,8aa8c4d8-4bf8-4928-a7d4-4eaf141615d6,c707a2b0-5b29-41e6-a3ae-953259151327,registered
AayushGolani30@keepjpg.com,KutQvmjnITat@,Aayush,Golani,Domaincafe,3575b44c-cbfe-45b3-bbbd-a1883080f195,7135ab9a-340c-4005-88bd-c1af7dd2be10,registered
MiteshMonpariya64@keepjpg.com,SLAFTmkTbnaV@,Mitesh,Monpariya,Archunt,40fecf09-5f31-473a-b2eb-52ce2284fa76,c5d9f3b0-deb4-4de0-ac19-a88e3c98401a,registered
OrinderKoladiya20@keepjpg.com,HaXlhKLCIoLU@,Orinder,Koladiya,Arrowheadcafe,f1f79d89-d4e1-46d9-a224-61293e6633db,dee10398-17d9-47a0-a182-283756cad002,registered
DevMungra36@keepjpg.com,aLgzwxjiMsON@,Dev,Mungra,Taglink,32d6ee50-4d73-4244-a885-3629aa9dacb3,bea8eb8f-dd09-4cf8-9a27-440114bc3751,registered
VedantTadhani77@keepjpg.com,DQLikKXIEtCT@,Vedant,Tadhani,Boundhunt,538a0dfb-af31-4091-b04d-c9952dd565f6,ec4398c8-6dc6-45a7-8e66-2ce213517477,registered
FarajKhetani64@keepjpg.com,pHpkbFMjAhPi@,Faraj,Khetani,Smashhunt,d7164ad6-6599-472e-902f-10c72f69e3b2,b00e3584-eb88-4c75-a687-f4b7bdfa70c5,registered
PratyushBarvadiya82@keepjpg.com,oPRjMhNKhQJR@,Pratyush,Barvadiya,Neticdrive,ce0407c6-69fd-4dcc-a9e1-7a81661d4a54,24097373-9523-4227-a8dd-eb8f6287a453,registered
ManthanGajipara120@keepjpg.com,xrLdvPnkGLJY@,Manthan,Gajipara,Citadellink,1262c79b-9ba9-413d-88d7-68fde12dde43,2a17fcb4-9f8d-4dc8-8451-d30f619ba807,registered
PratyushKabra18@keepjpg.com,HvlafemndMlJ@,Pratyush,Kabra,Indicatorexim,079d6e9c-0cca-4f70-b509-65b5c315c548,4b3d5b10-f783-412b-8631-f91109e78616,registered
NakulGevariya52@keepjpg.com,JVPfhyzNONxk@,Nakul,Gevariya,Morecafe,85ecd76d-d1c9-4c3e-a047-9a81e762b4ed,47063319-3c82-416a-9abf-1a41bbb801da,registered
WahabTarapara10@keepjpg.com,YArWurUZqmRS@,Wahab,Tarapara,Intuitionexim,8cd92282-d85e-4dc7-8da7-a30c8f0432c2,9381c778-ebf7-401d-b618-23a6a2b06f13,registered
