AnirudhBorsadiya91@keepjpg.com,MfMCEXbagfjc@,Anirudh,Borsadiya,Magnetworld
AarnavMulani22@keepjpg.com,aiXvGvvoGYZs@,Aarnav,Mulani,Fluenthunt
OnveerAjani25@keepjpg.com,PhpoTVqgGjtV@,Onveer,Ajani,Reactorlink
AyushDabasiya59@keepjpg.com,feJnBiKVmNqJ@,Ayush,Dabasiya,Strategicworld
ArjunKanani69@keepjpg.com,vqjSKCFAWcBS@,Arjun,Kanani,Linklink
BaljiwanThesiya45@keepjpg.com,omGYMnaVjtZT@,Baljiwan,Thesiya,Quedrive
BrijeshDobariya91@keepjpg.com,CEmMngHXUVKy@,Brijesh,Dobariya,Viodrive
KrishnaMulani103@keepjpg.com,NCRHeRaWUlxt@,Krishna,Mulani,Operateexim
TejasKyada111@keepjpg.com,KixUXgeupoht@,Tejas,Kyada,Brillantexim
RachitRupareliya85@keepjpg.com,SvaVkzrADrKG@,Rachit,Rupareliya,Thinkcafe
YatanLunagariya55@keepjpg.com,OpqeRWYFBEpM@,Yatan,Lunagariya,Trafficdrive
AayushMendpara117@keepjpg.com,NyJDoKpCLysy@,Aayush,Mendpara,Xhunt
AmolKhakhariya107@keepjpg.com,jFUIGOsKHiDD@,Amol,Khakhariya,Directdrive
BalhaarMorad68@keepjpg.com,XAvxNbcxGXfh@,Balhaar,Morad,Decisiondrive
LakshChovatiya36@keepjpg.com,gycytzsbNUce@,Laksh,Chovatiya,Cityhunt
TanveerSuvagiya24@keepjpg.com,zQdYgQXhJpXD@,Tanveer,Suvagiya,Completedrive
RonithSidpara82@keepjpg.com,gKiIqVaHkZxi@,Ronith,Sidpara,Fusecafe
JasonAmreliya46@keepjpg.com,dMCPyuqFBfTH@,Jason,Amreliya,Iocafe
VivaanGolani99@keepjpg.com,nSpbWqBijJVm@,Vivaan,Golani,Botdrive
DalbirPonkiya63@keepjpg.com,amLWmASLjLGZ@,Dalbir,Ponkiya,Intellectlink
JaiGothaliya79@keepjpg.com,awbLdTWndHuZ@,Jai,Gothaliya,Chasehunt
JaiKotadiya76@keepjpg.com,dSwERmeKjjvI@,Jai,Kotadiya,Agitatorhunt
JasonBabariya17@keepjpg.com,rDzuemEVzIMY@,Jason,Babariya,Zoidworld
ArjunVarsani83@keepjpg.com,ILNxXfoqiJtc@,Arjun,Varsani,Intelhunt
IkbalKasvala88@keepjpg.com,tuKOrqiIhTOH@,Ikbal,Kasvala,Relevantexim
ZehaanBhut120@keepjpg.com,jfLZVncvWGoS@,Zehaan,Bhut,Adilexim
GauravLila29@keepjpg.com,zHtuIWmWuydK@,Gaurav,Lila,Authoritylink
FarasPanseriya79@keepjpg.com,XmTXcnTVxWHi@,Faras,Panseriya,Plandrive
AbhiramnewJajadiya57@keepjpg.com,bJCflNMnRfub@,Abhiramnew,Jajadiya,Spireworld
AdvikHalai57@keepjpg.com,FFhvrPEmiHIx@,Advik,Halai,Flowhunt
RehaannewChothani115@keepjpg.com,ZAmDUFXZNViU@,Rehaannew,Chothani,Besdrive
DalbirRangani50@keepjpg.com,zVzQTIuQAElM@,Dalbir,Rangani,Enterprisehunt
AdityaVasani27@keepjpg.com,FRAimbmBXEVN@,Aditya,Vasani,Powerhousedrive
ArjunKumbhani93@keepjpg.com,VIzXURwMZCJm@,Arjun,Kumbhani,Bastionexim
TejasGadhethariya85@keepjpg.com,CmTiVGsqJYAM@,Tejas,Gadhethariya,Spreaddrive
NaveenRank40@keepjpg.com,gidznzSyAfoq@,Naveen,Rank,Engineworld
LakshitManiya69@keepjpg.com,qUugvudXrZQK@,Lakshit,Maniya,Scapeexim
SamakshSatani56@keepjpg.com,FxXmQWjXKdsx@,Samaksh,Satani,Magnetexim
AbdulThumar70@keepjpg.com,AGEQynjryRtC@,Abdul,Thumar,Operatecafe
IsaacUndhad100@keepjpg.com,vtFynOxGsWgN@,Isaac,Undhad,Growthexim
HiteshGorasiya35@keepjpg.com,lZnKbQlcQqHW@,Hitesh,Gorasiya,Thinkcafe
BalvanPadariya84@keepjpg.com,DIqsWAekgbSZ@,Balvan,Padariya,Visionlink
RonithJagani118@keepjpg.com,fKrXzQhzQNGb@,Ronith,Jagani,Infinitelink
GirikBandhaniya46@keepjpg.com,ufEiVqrgAPFi@,Girik,Bandhaniya,Bastiondrive
GauravKasvala1@keepjpg.com,bQQTavtNzIEI@,Gaurav,Kasvala,Infiniteexim
EkbalDudhatra78@keepjpg.com,bUMKaDRSKEAR@,Ekbal,Dudhatra,Metricslink
AdvikPaneliya56@keepjpg.com,uRRhiqKZFOIC@,Advik,Paneliya,Progressexim
EkanshParakhiya99@keepjpg.com,nNqjBhIJHguU@,Ekansh,Parakhiya,Growdrive
QarinKathrotiya59@keepjpg.com,arkefpBchYHL@,Qarin,Kathrotiya,Instaexim
YugKalsariya21@keepjpg.com,exepAeNUTAPZ@,Yug,Kalsariya,Pitchcafe
NakulMadhapariya109@keepjpg.com,IjbKZXTgyFEh@,Nakul,Madhapariya,Globecafe
JaiTogadiya11@keepjpg.com,IgJBdRLjmtat@,Jai,Togadiya,Magneticworld
ChatreshThumar4@keepjpg.com,gmJZkpKoIDtH@,Chatresh,Thumar,Decidedrive
DakshSatani121@keepjpg.com,CwmVShjtURWd@,Daksh,Satani,Enginecafe
RanveerTogadiya78@keepjpg.com,jjkCpRzBGujy@,Ranveer,Togadiya,Progresshunt
TanveerSavaliya68@keepjpg.com,oQVgMqfLHtjg@,Tanveer,Savaliya,Simpleexim
AyaanButani2@keepjpg.com,imYUXGARzZXL@,Ayaan,Butani,Suiteexim
RanbirJagani49@keepjpg.com,yRgbroHwHWQm@,Ranbir,Jagani,Neticlink
WriddhishAjudia40@keepjpg.com,iVftIlLlFhPj@,Wriddhish,Ajudia,Stercafe
KalpitPonkiya50@keepjpg.com,NNmkspTqovBa@,Kalpit,Ponkiya,Cornerstonecafe
VivaanAambaliya5@keepjpg.com,ROdCkyYxQZro@,Vivaan,Aambaliya,Flowworld
BrijeshPipalva110@keepjpg.com,KgCYlLrwbdjC@,Brijesh,Pipalva,Enginecafe
AarushChovatiya8@keepjpg.com,qYCXGUwOkPnk@,Aarush,Chovatiya,Determineddrive
DevanshSangani36@keepjpg.com,nWsQtXsyLLMg@,Devansh,Sangani,Progressworld
DarpanMovaliya80@keepjpg.com,LXgfxiANAgUB@,Darpan,Movaliya,Strategichunt
QasimDabasiya86@keepjpg.com,LMNUorvUVHEC@,Qasim,Dabasiya,Operatehunt
TeerthSakhreliya60@keepjpg.com,lnwkooAIPQnE@,Teerth,Sakhreliya,Methodicaldrive
RyanFaldu90@keepjpg.com,AWRdbHfjtpKz@,Ryan,Faldu,Onusworld
SamarthHarsoda75@keepjpg.com,LyPWLgDIQvmv@,Samarth,Harsoda,Enginehunt
ZayyanKhunt11@keepjpg.com,FTrdAFpJdQCv@,Zayyan,Khunt,Motivateworld
DalbirChimediya61@keepjpg.com,KVAMOOJfaKif@,Dalbir,Chimediya,Flowdrive
SamakshMonpariya49@keepjpg.com,UdaYHBifTtQj@,Samaksh,Monpariya,Dynamiclink
DakshJasani54@keepjpg.com,uagFIWZpgnmx@,Daksh,Jasani,Spiredrive
VirajPoshiya102@keepjpg.com,eiiIkInTNhNP@,Viraj,Poshiya,Vertexdrive
VirajPoshiya102@keepjpg.com,eiiIkInTNhNP@,Viraj,Poshiya,Vertexdrive
NakshDudhatra74@keepjpg.com,LQQnKIMrSDZp@,Naksh,Dudhatra,Immersiveworld
AnirudhPadsala78@keepjpg.com,NBFZcUrkBiMx@,Anirudh,Padsala,Masseslink
MaanavSatasiya6@keepjpg.com,UoyHzcbRLJqw@,Maanav,Satasiya,Wiredhunt
JainewAjudia108@keepjpg.com,jSAPYjTBUOSB@,Jainew,Ajudia,Eaglelink
FradoBharodiya24@keepjpg.com,jzClruRImszL@,Frado,Bharodiya,Segmentexim
AnirudhRajani19@keepjpg.com,XbkXSxlaOjbQ@,Anirudh,Rajani,Ndrive
ChampakVaishnav89@keepjpg.com,llebFXdHsHMa@,Champak,Vaishnav,Growthlink
TejasRupapara63@keepjpg.com,hsqVWrwSsQLQ@,Tejas,Rupapara,Societyworld
FarajBonde110@keepjpg.com,wjcNMilCGHUv@,Faraj,Bonde,Segmentworld
ChanakyaDabasiya21@keepjpg.com,kcVThoAtJeUo@,Chanakya,Dabasiya,Infinitehunt
IshaanKathrotiya94@keepjpg.com,tqqFhqvpLUcp@,Ishaan,Kathrotiya,Iocafe
BalhaarLila37@keepjpg.com,rgxlfmWRwxgc@,Balhaar,Lila,Analyticsworld
YatinKothiya25@keepjpg.com,ErxVtyiapWKE@,Yatin,Kothiya,Keycafe
OnkarLukhi60@keepjpg.com,GoRdpXMdukmk@,Onkar,Lukhi,Indicatorcafe
ZaidNonghanvadra57@keepjpg.com,rGRgrDyEOVWu@,Zaid,Nonghanvadra,Directworld
YagneshSaspara67@keepjpg.com,dWDHGunhcZjA@,Yagnesh,Saspara,Agitatordrive
ChakradharSaspara56@keepjpg.com,RzLIHqaNNKdq@,Chakradhar,Saspara,Reactorcafe
WazirKapadiya61@keepjpg.com,hiObVokKmuIR@,Wazir,Kapadiya,Rocketexim
IndrajitGhelani26@keepjpg.com,wZfJNVmoSNgn@,Indrajit,Ghelani,Searchworld
ChaturaKachhi29@keepjpg.com,NpZejoLNMfwk@,Chatura,Kachhi,Qualifiedcafe
JeetSabhaya19@keepjpg.com,OGHivpNeInoD@,Jeet,Sabhaya,Funnelcafe
LohitAsodariya82@keepjpg.com,rpQBLorPjtSq@,Lohit,Asodariya,Sterhunt
NaveenGondaliya112@keepjpg.com,hifLsuRxcdfK@,Naveen,Gondaliya,Linkdrive
NiteshVanpariya23@keepjpg.com,bGJJqCRHCMOK@,Nitesh,Vanpariya,Socialcafe
LakshitNadiyadhara41@keepjpg.com,TMuLVVxmXhlw@,Lakshit,Nadiyadhara,Bastioncafe
DhruvHarsoda53@keepjpg.com,VgCYZAMGLiGn@,Dhruv,Harsoda,Tagworld
NiteshChohaliya8@keepjpg.com,VtSSrtNnJfZr@,Nitesh,Chohaliya,Chaselink
SamakshNavadiya80@keepjpg.com,RmgUdPIkeHTT@,Samaksh,Navadiya,Inteldrive
